ATL,2005,433678
ATL,2004,418072
ATL,2008,414513
ATL,2007,413851
ATL,2006,407971
ORD,2004,376170
ORD,2007,375784
ORD,2006,373736
ATL,2003,368743
ORD,2003,366705
ORD,2008,350380
DFW,2004,344834
ORD,2001,341284
ORD,2005,337708
DFW,2003,332579
ORD,2002,327388
DFW,2001,312036
DFW,2005,307678
DFW,2006,301163
ORD,1999,298251
ORD,1997,297490
DFW,2007,297345
ORD,2000,296771
ORD,1996,296234
ORD,1998,294896
ORD,1995,293422
ORD,1993,286055
DFW,2002,281299
DFW,2008,281281
ORD,1994,277741
ORD,1992,275185
ORD,1988,271494
ATL,1990,269397
ORD,1990,269128
DFW,1995,268127
ATL,2000,265708
ATL,1999,263865
ORD,1991,263145
ORD,1989,261259
DFW,1993,260475
ATL,1988,259731
DFW,1994,256274
ATL,1998,255380
DFW,1992,253247
ATL,2001,251671
DFW,1997,251115
ATL,1997,250222
DFW,1996,249351
DFW,2000,246913
DFW,1999,245036
DFW,1998,244013
DFW,1991,243221
ATL,1996,241609
DEN,2008,241443
DEN,2007,240928
DFW,1990,237924
LAX,2007,237597
LAX,2006,233788
LAX,2004,232621
DEN,2006,232476
ATL,2002,231928
LAX,2005,230864
ATL,1995,230470
DFW,1989,228360
LAX,2001,224984
IAH,2006,224061
ATL,1989,224036
LAX,2003,223971
ATL,1994,221486
ATL,1993,220818
DFW,1988,216849
LAX,2008,215608
PHX,2006,215086
LAX,2000,212118
IAH,2005,212013
PHX,2007,211072
CVG,2005,208645
CVG,2004,208011
ATL,1992,203087
IAH,2004,202030
IAH,2007,200420
PHX,2008,199408
LAX,1999,191762
PHX,2000,188928
ATL,1991,188408
LAX,1997,188094
IAH,2003,185182
IAH,2008,185172
LAS,2006,184733
PHX,2001,184323
LAX,1996,184108
LAX,1998,184078
LAS,2007,183668
DEN,2005,182849
LAX,2002,182401
LAX,1995,179909
STL,1996,178507
PHX,1999,177701
DTW,2007,177478
STL,1997,177067
STL,1998,176030
STL,1999,175708
STL,1995,174847
PHX,2005,174485
PHX,2002,173942
LAS,2008,172876
PHX,1998,171001
PHX,2004,170209
PHX,2003,169895
LAX,1990,169847
LAX,1988,169696
STL,2000,169606
LAS,2005,167534
PHX,1997,167020
LAX,1989,163487
PHX,1996,163323
STL,2001,162187
DTW,2008,161989
DEN,1988,161146
SLC,2005,160514
DEN,1993,159039
EWR,2006,158291
LAS,2004,158177
EWR,2004,158150
PHX,1995,157155
LAX,1991,156947
MSP,2007,155846
LAX,1992,155639
EWR,2005,155635
DTW,1997,155568
DEN,2004,155205
DTW,1996,154556
DTW,1999,154172
EWR,2007,154113
DTW,2000,153510
LAX,1994,153494
DTW,1998,153413
LAX,1993,152353
STL,1994,151609
EWR,2003,150412
DTW,2001,148767
SLC,2007,147808
DEN,1992,147758
DTW,1995,147610
MSP,2000,147284
MSP,2004,146935
DTW,2004,146598
MSP,2003,144836
MSP,1999,143419
LAS,2003,143179
MSP,2001,142507
SLC,2006,142080
MSP,1996,141924
DEN,2003,141824
MSP,2002,141540
DEN,1994,141427
DTW,2002,140681
SFO,2008,140587
SFO,1998,139853
DTW,2003,139844
PHX,1994,139581
SLC,2008,139088
SLC,2004,138724
PHX,1990,138558
EWR,2008,138506
SFO,2007,138491
DEN,1989,138407
SFO,1997,138191
MSP,1997,138087
LAS,2000,137763
MSP,2005,137393
PHX,1991,137343
DEN,2000,137302
DEN,1991,137302
DEN,1990,137179
SFO,1999,136952
DTW,1994,136837
MSP,1998,136693
MSP,1995,136436
PHX,1992,136403
DEN,1998,136349
DTW,2005,136220
LAS,2001,136107
DEN,1999,135777
SFO,1996,135678
DEN,1997,135202
SFO,2000,135032
PHX,1993,134172
PIT,1992,133995
BOS,2001,133013
STL,1993,133011
IAD,2004,132797
DEN,2001,132591
STL,2002,132565
BOS,2004,132339
SFO,2006,131844
DEN,1996,131724
SFO,1988,131614
CLT,1995,131417
CLT,1996,131181
BOS,2006,131050
IAH,2000,131047
PIT,1994,130977
MCO,2008,130872
CLT,2000,130623
LAS,2002,130594
SFO,1990,130342
DEN,1995,130327
MSP,2008,130289
PHX,1989,130180
SFO,2004,130008
MCO,2007,129778
IAH,1999,129472
CLT,1994,129391
SFO,1995,129137
SFO,2005,128973
CLT,1997,128718
IAH,2001,128581
CLT,2001,128349
DTW,2006,128327
BOS,2007,128320
STL,1989,128097
BOS,2005,128006
DTW,1993,127808
LGA,2005,127530
LGA,2004,127513
LGA,2006,127459
STL,1988,127429
CLT,2007,127108
STL,1990,126694
CVG,2006,126680
MSP,2006,126498
PHL,2005,126429
SFO,1989,126406
JFK,2007,126366
PIT,1995,126190
CLT,2008,126045
EWR,1999,125810
SLC,2003,125545
EWR,1988,125333
LAS,1999,125125
IAH,1998,125122
CLT,1998,124977
EWR,2000,124496
DTW,1992,124265
IAH,1997,124263
SFO,1991,123999
IAH,1996,123742
STL,1992,123651
CLT,1992,123343
MSP,1994,123222
LGA,2007,122899
PIT,1993,122740
SFO,1992,122477
IAD,2005,122342
SFO,2003,122334
CLT,1991,122069
EWR,1997,121785
SFO,2001,121735
PHL,2004,121721
PHX,1988,121444
PIT,1996,121299
PHL,2000,121151
IAH,1995,121029
LAS,1997,121022
CLT,1999,120589
MSP,1993,120572
EWR,2001,120522
DTW,1990,120331
DEN,2002,120274
EWR,1998,120213
STL,1991,119900
PHL,2001,119686
IAH,2002,119677
DTW,1991,119649
LAS,1996,119602
LAS,1998,119377
LGA,2008,119135
MCO,2006,118910
EWR,1996,118865
JFK,2008,118804
MCO,2005,118741
SFO,1994,118233
PIT,1988,118068
EWR,1990,117938
BOS,2008,117915
CLT,1993,117805
PIT,1990,117795
SFO,1993,117581
CLT,2006,117455
PIT,1997,117442
PIT,1991,117224
EWR,1994,116768
LGA,2001,116470
EWR,1992,115895
DTW,1989,115873
CLT,1990,115470
BOS,2003,115460
MSP,1992,115258
PHL,1999,115235
LGA,1988,114698
CLT,2005,114510
EWR,1989,113843
EWR,1991,113779
PIT,1989,113650
EWR,1993,113486
BOS,2000,113056
LAS,1995,112181
PHL,1998,111999
CLT,2002,110747
CVG,2007,110509
JFK,2006,110367
PIT,1998,110172
BOS,2002,109820
EWR,1995,109592
CLT,1989,109552
SEA,2004,109418
BWI,2007,109385
SEA,2007,109127
SEA,2008,109069
PHL,1997,108829
MCO,2004,108762
PHL,2003,108742
PHL,2006,108313
DTW,1988,108114
BOS,1999,107790
PHL,2002,107756
CLT,2004,107662
BWI,2006,107584
SEA,2006,107541
BWI,2005,106789
LGA,2003,106731
SEA,2005,106586
MSP,1991,106515
LGA,1990,106448
PIT,2001,106361
PIT,2000,106238
BWI,2004,106058
DCA,2005,104936
SEA,2000,104910
SEA,2003,104605
LGA,1989,104583
LGA,1992,104217
IAH,1994,104182
LGA,2000,104177
BWI,2008,104074
PHL,2007,104063
LGA,1993,103551
CLT,2003,103417
IAD,2003,103386
SEA,1999,103160
SEA,2001,102752
EWR,2002,102416
MSP,1990,102298
LGA,1991,102260
JFK,2005,101953
LGA,1994,101864
PIT,1999,101312
CLT,1988,101093
STL,2003,100904
MDW,2006,100840
SEA,2002,100584
PHL,2008,100499
BOS,1994,100365
MCO,2000,99951
BOS,1988,99921
IAH,1993,99887
BWI,2001,99834
SFO,2002,99288
BWI,2003,99255
LGA,1995,99225
MSP,1989,99072
MCO,2001,99006
LGA,1999,98422
BOS,1998,98415
SEA,1998,98314
BOS,1997,98268
MCO,1999,97926
SEA,1997,97653
SAN,2007,97316
LGA,1996,96585
LGA,1997,96444
SEA,1996,96266
PHL,1993,96101
IAD,2006,96010
MDW,2007,95863
BOS,1993,95331
MSP,1988,95265
LAS,1994,94972
DCA,2006,94659
IAH,1992,94555
LGA,1998,94404
PHL,1996,94304
BOS,1990,94092
SAN,2008,93775
PHL,1994,93585
LGA,2002,93561
BOS,1992,93521
DCA,2004,93432
MDW,2005,93350
CLE,2004,93259
BOS,1996,93213
MCO,2003,93171
SAN,2006,92976
BOS,1995,92852
CVG,2003,92595
MCO,1998,92028
SEA,1995,92016
LAS,1991,91970
MDW,2004,91723
BOS,1989,91600
PHL,1995,91577
JFK,2004,91501
BOS,1991,91360
CVG,2008,91265
BWI,2000,91220
IAH,1990,91175
IAD,2007,91048
CLE,2003,90094
MCO,1997,89861
DCA,2007,89666
PHL,1992,89564
LAS,1993,89518
MCO,1992,89340
DCA,1988,89277
CLE,2005,89195
SAN,2005,89075
IAH,1991,88500
DCA,1994,88445
SLC,1996,88332
DCA,1993,87948
IAH,1989,87830
SLC,1997,87665
MDW,2008,87619
BWI,2002,86856
DCA,1990,86835
DCA,2008,86662
CLE,2006,86421
CVG,1996,86409
DCA,1995,86266
LAS,1990,86219
LAS,1992,86201
SAN,2004,86096
DCA,1992,85960
DCA,2000,85932
MDW,2003,85831
CVG,1997,85287
SLC,1998,85084
MEM,2007,85034
IAH,1988,85012
DCA,1997,84301
PHL,1988,84069
SLC,1995,84056
DCA,1998,83901
DCA,1996,83417
DCA,1991,83117
PHL,1991,83113
DCA,1989,82820
SAN,2003,82700
DCA,1999,82498
DCA,2001,82472
PHL,1990,82321
SAN,2001,81937
SLC,1999,81818
BWI,1999,81671
MCO,2002,81485
PIT,2002,81403
MCO,1993,81391
MEM,2008,80966
MCO,1991,80685
CVG,1998,80620
SLC,2000,80496
TPA,2007,79785
SEA,1990,79618
TPA,2005,79520
DCA,2003,79120
LAS,1989,78382
CLE,2007,78288
TPA,2008,78179
MIA,1990,77388
CVG,1999,77278
MCO,1994,77120
SEA,1991,76729
CVG,1995,76629
MCO,1990,76507
SLC,2001,76404
IAD,2008,76031
TPA,2006,75946
SEA,1994,75870
MIA,2001,75838
SEA,1992,75803
PHL,1989,75422
SAN,2002,74950
OAK,2007,74938
OAK,2006,74794
JFK,2003,74506
MEM,1988,74380
CVG,2000,73816
SEA,1989,73754
MCO,1996,73362
MIA,1993,73262
MIA,1991,73124
MCO,1988,72723
SAN,2000,72706
MIA,1988,72661
LAS,1988,72498
MIA,1994,72351
SJC,2001,72328
TPA,2004,71742
SEA,1993,71610
SEA,1988,71281
BWI,1994,71197
IAD,1999,70977
CVG,1992,70856
OAK,2004,70850
BWI,1989,70757
MCO,1989,70669
MIA,1995,70581
CVG,1993,70433
OAK,2005,70381
FLL,2005,70339
SLC,2002,70024
BWI,1998,69983
BWI,1990,69848
MIA,1992,69628
FLL,2007,69414
CLE,1990,69408
SLC,1990,69345
DCA,2002,69264
SLC,1994,69096
CVG,1994,68790
TPA,2001,68644
SLC,1989,68623
SLC,1992,68521
SAN,1999,68244
SLC,1991,68017
MCO,1995,67900
SAN,1997,67801
SLC,1993,67742
SJC,2000,67715
SLC,1988,67710
BWI,1988,67672
FLL,2006,67597
HNL,2007,67581
MIA,1989,67294
OAK,2003,67279
RDU,2007,67199
CLE,1994,67185
FLL,2008,67177
SAN,1998,67143
MIA,2000,66914
CLE,1995,66888
MIA,1996,66838
MEM,1989,66790
TPA,2003,66671
SAN,1996,66624
FLL,2004,66511
CLE,1996,66451
CVG,1991,66313
MIA,1999,66299
CVG,2001,66264
BWI,1995,66154
MIA,2006,66153
STL,2005,65977
CLE,2008,65795
MIA,2005,65743
SAN,1995,65731
OAK,1995,65541
IAD,2000,65462
MIA,2004,65251
PIT,2003,65090
MCI,2007,65011
MIA,1998,64934
STL,2007,64856
MIA,2007,64742
TPA,2000,64645
BWI,1997,64603
MIA,1997,64464
STL,2006,64327
BNA,1992,64146
CLE,1997,63615
CVG,1990,63610
SJC,2004,62916
SJC,2003,62884
MIA,2002,62837
OAK,2001,62763
MEM,1990,62750
STL,2008,62733
RDU,2005,62676
PIT,2004,62629
MIA,2008,62559
OAK,2008,62535
BWI,1996,62517
TPA,2002,62319
BWI,1991,62283
CVG,1988,62273
RDU,2004,62153
MCI,2000,62080
CLE,1989,61875
SJC,2007,61804
MIA,2003,61692
CVG,2002,61586
BNA,1991,61555
OAK,2002,61533
JFK,2001,61457
SAN,1989,61349
MCI,2001,61301
RDU,1988,61264
STL,2004,61259
SAN,1992,61251
SAN,1988,61207
SJC,2006,61161
HNL,2006,61099
CLE,1998,61075
BNA,2007,61070
SJC,2002,61017
OAK,1996,60898
SJC,2005,60702
SAN,1990,60695
BNA,2006,60554
SAN,1994,60509
FLL,2003,60478
SAN,1993,60464
RDU,1989,60458
BNA,2004,60255
TPA,1988,60204
TPA,1999,60186
RDU,2008,60179
MCI,1999,60167
CVG,1989,59945
RDU,1990,59925
TPA,1994,59871
MCI,2003,59533
SAN,1991,59491
HOU,2001,59416
MCI,2008,59370
MCI,2004,59278
CLE,1988,59233
BNA,2005,59100
HOU,2004,59066
CLE,1991,59037
TPA,1990,59029
OAK,1997,58734
PDX,2007,58603
HOU,1990,58534
MCI,1998,58474
CLE,1999,58434
BNA,1989,58219
SMF,2007,58074
RDU,2006,58017
PDX,2008,57860
BNA,1993,57820
PDX,2006,57757
BNA,2000,57676
BNA,2008,57539
HOU,1995,57492
HOU,2003,57375
HOU,1999,57327
PDX,2000,57253
HOU,1992,57252
HOU,1993,57140
SJC,2008,57136
HOU,1998,57122
OAK,2000,57103
HOU,1988,56990
PDX,1999,56978
MCI,1997,56957
MCI,1994,56814
MCI,1995,56727
RDU,1992,56621
MCI,2002,56571
HOU,2005,56557
HOU,2007,56540
HOU,1991,56509
CLE,1992,56491
HOU,2000,56314
BNA,2001,56294
HNL,2008,56276
SJC,1999,56219
HOU,1996,56073
OAK,1998,56002
RDU,1991,55974
HOU,2008,55933
HOU,1989,55931
MCI,2005,55928
MCI,2006,55918
MEM,1991,55896
CLE,1993,55812
PDX,2004,55807
PDX,1998,55741
BNA,1988,55696
PDX,1997,55615
CLE,2000,55591
BNA,2003,55585
HOU,1997,55492
OAK,1999,55489
PDX,2003,55450
TPA,1993,55376
HOU,2006,55260
PDX,2005,55254
MEM,2001,55240
HOU,2002,55236
RDU,1993,55195
MCI,1996,55149
PDX,2001,55092
IAD,2001,54869
TPA,1989,54705
MCI,1993,54667
TPA,1998,54571
BNA,1999,54544
MEM,2000,54495
HOU,1994,54106
TPA,1991,53963
DAL,2007,53951
DAL,2008,53928
SMF,2006,53835
TPA,1992,53771
BNA,1990,53761
PDX,1996,53676
CLE,2001,53463
MEM,1995,53388
MDW,2000,53329
MSY,2004,53167
FLL,2001,53145
SMF,2008,53056
SNA,2007,52953
BWI,1993,52581
PIT,2005,52489
MDW,2002,52445
TPA,1997,52392
IAD,1990,52337
MSY,2003,52334
MEM,1996,51707
SNA,2006,51702
AUS,2007,51560
JFK,1988,51485
MEM,1998,51371
RDU,2003,51341
BNA,1998,51217
MSY,2000,51199
MEM,1992,51169
MSY,2001,51055
IAD,1988,50979
MEM,1999,50963
IAD,1989,50832
BWI,1992,50817
MEM,1997,50730
MDW,1991,50676
PDX,2002,50635
SMF,2005,50617
FLL,2000,50585
MDW,1999,50491
MDW,2001,50427
JFK,2002,50421
BNA,1994,50339
DAL,1999,50118
MEM,1994,50063
MEM,2003,50037
MSY,1998,49983
MEM,1993,49897
BNA,2002,49883
DAL,2006,49708
IAD,1991,49695
AUS,2008,49623
MSY,1999,49391
MSY,2002,49371
MCI,1992,49262
FLL,2002,49237
PIT,2007,49209
SJC,1998,49200
MSY,1995,49179
TPA,1996,49063
MEM,2005,48791
MEM,2004,48724
BNA,1997,48720
SMF,2004,48633
JFK,1989,48606
MCI,1991,48596
DAL,2000,48534
SNA,2005,48390
DAL,1998,48235
DAL,1996,48142
MSY,1994,48055
PDX,1995,48049
SJC,1997,48009
MDW,1995,47985
MEM,2002,47983
SNA,2004,47971
DAL,2001,47923
MSY,1997,47701
PIT,2006,47455
DAL,1997,47450
RDU,1994,47428
SNA,2008,47376
MEM,2006,47350
JFK,1990,47153
MSY,1996,47132
SMF,2003,46747
SNA,2003,46647
DAL,1995,46570
MCI,1990,46567
SAT,2007,46362
SJC,1988,46274
JFK,1995,46187
MDW,1998,45993
RDU,2002,45938
TPA,1995,45782
FLL,1999,45729
SJC,1989,45582
JFK,2000,45578
SJC,1996,45548
MSY,1990,45439
DAL,2003,45393
SAT,2008,45270
MDW,1994,45208
DAL,2004,45086
JFK,1999,44949
MCI,1988,44876
MDW,1996,44616
AUS,2006,44592
CLE,2002,44584
IAD,2002,44435
BNA,1996,44370
AUS,1999,44351
OAK,1994,44314
SJC,1990,44219
MDW,1997,44167
JFK,1996,44064
IAD,1998,43998
IND,1990,43826
IND,1992,43620
IND,2007,43576
SNA,2000,43556
SNA,2001,43433
BNA,1995,43382
DAL,2002,43191
IND,2005,43174
JFK,1994,43116
DAL,1994,42914
AUS,2001,42912
IND,1991,42890
SAT,2006,42856
SJC,1991,42760
IND,2008,42750
MKE,2008,42700
AUS,2000,42686
JFK,1998,42634
JFK,1992,42454
SNA,2002,42324
DAL,2005,42271
JFK,1991,42235
IND,2004,42098
DAL,1993,41989
MSY,1993,41899
PDX,1990,41897
IAD,1992,41886
JFK,1993,41842
PIT,2008,41800
AUS,2005,41696
ONT,2007,41643
IND,2003,41617
FLL,1998,41370
CMH,1997,41309
ABQ,2007,41161
ABQ,2008,41146
DAL,1992,41031
AUS,2003,41015
CMH,1994,40952
MSY,1988,40943
PDX,1989,40776
MSY,1989,40689
IND,1989,40567
MSY,2005,40499
MSY,1991,40479
SMF,2001,40199
OAK,1991,40122
MSY,1992,40100
ONT,1995,40062
FLL,1988,39978
AUS,2004,39851
CMH,1998,39737
JFK,1997,39707
FLL,1990,39704
CMH,1996,39611
SMF,2002,39604
AUS,1998,39533
OAK,1993,39516
SAT,2005,39439
MSY,2008,39422
CMH,1993,39319
SJC,1995,39283
AUS,2002,39202
CMH,2001,39195
DAL,1991,39166
IAD,1997,39140
PDX,1988,39121
SAT,2003,39083
RDU,2001,39074
SJC,1992,38993
FLL,1997,38960
CMH,2004,38844
SMF,2000,38814
SAT,2000,38704
SAT,1996,38649
SAT,2004,38631
IND,1994,38612
ONT,1991,38606
SAT,1997,38554
CMH,2007,38544
SAT,1994,38458
SJC,1994,38308
MCI,1989,38296
CMH,1995,38271
FLL,1994,38199
SNA,1999,38154
SAT,1999,38066
PDX,1994,38064
SAT,1995,38060
ABQ,1996,37956
CMH,2005,37946
HNL,2005,37914
IND,2001,37871
IAD,1996,37834
CMH,1992,37794
PDX,1991,37742
IND,1993,37684
AUS,1997,37671
ONT,1996,37667
IND,2006,37615
ABQ,1997,37604
SAT,1998,37478
IND,1988,37399
PDX,1992,37365
CMH,1999,37360
MSY,2007,37329
ONT,1992,37281
ABQ,1999,37276
ABQ,2006,37264
BDL,2005,37246
SMF,1997,37146
IND,1995,37092
SAT,2001,37085
DAL,1990,37053
ABQ,2004,37033
SMF,1996,36989
SAT,1990,36980
ABQ,2005,36956
ONT,1990,36898
ABQ,1995,36871
SNA,1996,36858
ONT,1994,36844
ABQ,2003,36708
AUS,1996,36658
OAK,1992,36640
SMF,1999,36625
SAT,2002,36521
BDL,2000,36520
ONT,2004,36483
ONT,1997,36479
AUS,1995,36474
ABQ,2000,36447
OAK,1990,36437
SMF,1998,36431
ONT,1993,36430
ABQ,1998,36320
FLL,1989,36317
ONT,2006,36311
ONT,1989,36306
ABQ,2001,36248
ABQ,2002,36240
ABQ,1994,36196
SNA,1995,36159
SMF,1995,36051
BDL,2001,36003
RDU,2000,35998
ONT,2005,35953
JAX,2007,35931
CMH,2006,35912
PDX,1993,35907
HNL,2004,35880
GSO,1994,35853
ONT,2000,35722
ONT,2001,35682
CMH,2000,35654
DAL,1988,35638
DAY,1989,35577
DAY,1988,35562
SAT,1993,35490
CMH,2002,35485
SNA,1997,35468
ONT,2003,35459
ONT,1998,35410
DAY,1990,35371
CMH,2003,35356
IND,1997,35318
IND,2000,35261
ONT,2008,35072
SAT,1991,35005
DAL,1989,34963
FLL,1991,34911
ONT,1999,34751
ABQ,1993,34699
SNA,1998,34683
ONT,1988,34640
BDL,2004,34565
SJC,1993,34505
IND,1999,34471
HNL,2001,34340
IND,1996,34177
CMH,2008,34157
RDU,1999,34033
SAT,1988,33937
IND,1998,33810
DAY,1991,33738
FLL,1995,33641
FLL,1993,33588
BDL,2003,33567
SAT,1992,33544
SAT,1989,33451
FLL,1996,33447
IAD,1993,33430
MDW,1993,33393
AUS,1994,33341
BDL,2002,33219
SNA,1994,33171
IAD,1995,33053
BUR,2007,33019
ONT,2002,32899
BDL,2006,32880
JAX,2008,32685
GSO,1995,32676
BDL,2007,32627
IND,2002,32599
FLL,1992,32498
BUR,2006,32102
BDL,1999,31954
SYR,1988,31937
ABQ,1990,31893
IAD,1994,31856
ABQ,1992,31744
JAX,2006,31617
ABQ,1988,31480
BUR,1995,31472
BUR,2008,31405
PVD,2005,31283
BDL,1988,31167
ABQ,1989,30882
AUS,1993,30687
RNO,2000,30672
SNA,1993,30555
RNO,2004,30538
JAX,2005,30523
PVD,2004,30447
ABQ,1991,30334
SNA,1988,30257
JAX,2004,30212
SMF,1992,29931
MSY,2006,29899
SNA,1989,29848
PVD,2001,29785
PBI,2007,29766
SMF,1993,29714
BUR,1996,29624
AUS,1991,29519
BDL,1990,29517
RNO,1999,29498
BDL,2008,29449
AUS,1992,29347
SNA,1991,29286
BDL,1989,29154
BUR,2005,29125
BUR,1997,29115
MDW,1992,29000
AUS,1988,28983
SMF,1994,28942
BDL,1991,28920
BDL,1992,28730
ELP,1995,28728
SNA,1990,28679
PBI,2005,28425
MKE,2007,28404
AUS,1990,28397
OAK,1988,28335
PBI,2006,28305
AUS,1989,28255
RNO,2005,28248
TUS,2007,28173
OAK,1989,28156
BUR,1998,28095
OMA,2007,28081
ELP,1994,28063
PVD,2003,27945
BUF,2004,27913
BUR,1999,27872
PBI,2008,27822
BUR,2000,27717
BUF,1988,27704
RDU,1995,27642
RDU,1998,27634
RSW,2007,27615
RNO,2003,27591
PBI,2004,27545
SMF,1988,27494
ELP,1993,27455
BUF,2006,27440
CMH,1991,27414
RNO,1997,27392
SNA,1992,27319
RNO,2007,27211
PBI,1990,27171
PVD,2002,27144
RSW,2008,27136
SMF,1991,27129
CMH,1990,27099
SYR,1989,27089
BUF,2005,27079
ORF,1988,27048
OMA,2008,27007
CMH,1988,26993
OKC,2007,26964
BDL,1994,26827
BDL,1997,26820
BUR,2001,26761
RDU,1997,26714
BUF,2007,26687
BUR,2004,26687
ELP,1990,26664
TUS,2008,26661
SJU,2004,26633
PVD,2006,26578
RNO,2006,26545
JAX,1994,26479
SJU,2001,26452
BDL,1998,26445
RSW,2006,26431
JAX,2001,26398
ELP,1991,26394
BUR,2003,26362
RSW,2005,26308
ELP,1996,26299
BUF,2008,26281
RNO,1998,26271
BDL,1993,26262
BUF,1989,26227
PBI,1989,26082
ELP,1992,26075
JAX,2003,26048
PVD,2000,25985
PBI,2001,25969
RDU,1996,25949
BUR,1994,25900
BUF,1990,25890
RNO,2001,25869
PBI,1988,25841
PBI,1992,25832
ORF,1990,25814
BDL,1995,25771
TUL,1992,25684
SJU,2005,25673
SDF,1997,25651
BDL,1996,25644
BUR,1990,25635
CMH,1989,25623
SMF,1989,25609
BUR,2002,25602
OKC,1988,25564
BUR,1991,25528
OGG,2007,25515
ORF,1994,25436
TUL,1988,25423
RNO,1996,25394
PVD,2007,25366
SMF,1990,25273
BUF,1991,25212
MKE,1990,25201
SJU,2006,25183
TUL,2007,25175
PBI,2003,25165
SJU,2000,25153
OKC,2008,25152
BUF,1992,25094
PBI,1993,25054
ELP,1998,25049
TUS,2006,25033
ELP,1997,24990
TUL,1991,24977
BUR,1993,24893
ELP,1989,24865
MHT,2005,24805
OKC,1992,24789
OKC,1991,24664
ELP,1999,24660
JAX,2000,24639
SDF,1996,24519
TUL,1993,24441
SDF,2005,24415
OKC,1993,24389
ORF,1989,24334
JAX,1988,24305
RNO,2008,24286
MKE,1989,24232
SJU,2003,24219
PBI,1991,24171
OKC,1990,24148
SDF,1998,24117
SDF,1995,24094
PBI,1994,24079
ORF,2004,24013
RNO,2002,23951
OGG,2006,23923
BUF,1994,23906
MHT,2004,23880
ELP,1988,23878
TUL,1990,23864
OKC,2003,23844
OKC,1989,23783
TUL,1989,23777
JAX,2002,23747
SJU,2002,23728
SDF,1988,23719
SJU,2007,23709
ELP,2000,23686
BHM,2008,23679
BHM,2007,23535
OKC,1994,23498
TUL,2008,23459
SYR,1990,23377
MKE,2006,23374
MKE,1992,23336
SYR,1991,23286
BUR,1992,23247
BUR,1988,23217
SDF,2004,23192
MKE,1988,23148
OMA,2006,23066
JAX,1999,23053
PBI,2000,22995
BHM,2004,22985
PVD,1999,22934
OMA,2005,22910
ROC,1988,22910
SDF,1999,22869
JAX,1989,22793
BUF,1993,22789
TUL,2001,22776
ORF,1991,22611
SDF,1994,22582
PBI,1995,22558
PBI,1997,22520
PVD,2008,22509
SDF,2000,22476
OKC,2004,22465
ELP,2006,22464
SDF,2008,22458
ORF,2003,22365
SDF,2007,22229
JAX,1990,22177
JAX,1998,22099
MKE,1991,22094
OKC,1995,22077
ORF,2005,22046
PBI,1998,22025
PBI,1999,22016
OKC,2006,22003
TUL,2005,22001
MDW,1989,21965
ELP,2005,21953
RSW,2004,21899
TUL,2003,21850
ELP,2007,21805
PBI,1996,21803
OKC,2001,21780
BUF,2003,21762
PVD,1998,21743
GSO,1988,21721
MKE,2004,21699
TUL,2006,21698
SJU,2008,21676
BHM,2005,21606
ELP,2001,21569
ELP,2004,21551
JAX,1997,21529
MKE,2005,21520
ROC,1991,21495
TUL,2004,21480
SJU,1995,21458
MDW,1990,21418
SJU,1999,21406
OMA,2004,21353
MHT,2007,21349
MHT,2006,21260
PBI,2002,21206
ANC,2001,21186
ROC,1989,21181
SDF,2001,21131
ANC,2002,21094
BUR,1989,21081
TUL,1994,21070
ROC,1992,21067
ROC,1990,21018
ANC,2003,21013
MKE,2003,20946
ELP,2002,20928
BHM,1999,20889
SJU,1993,20846
ANC,1999,20807
SDF,2003,20800
TUL,1995,20795
ANC,2000,20782
ANC,2005,20767
OKC,1997,20747
ELP,2008,20731
RNO,1995,20727
ANC,1996,20673
OKC,2005,20643
ANC,2004,20540
ANC,1998,20518
GSO,1996,20494
SYR,1992,20474
PVD,1997,20462
OKC,1996,20461
SDF,1989,20446
BUF,2001,20388
SDF,1990,20358
OMA,2003,20355
SJU,1998,20275
OKC,1999,20247
ELP,2003,20174
ORF,2006,20162
TUS,2000,20109
OKC,1998,20092
TUL,2002,20090
SJU,1997,20065
ORF,2007,20012
ANC,1997,19988
RIC,2008,19977
ANC,2006,19976
TUL,2000,19942
OGG,2008,19940
BUF,1995,19932
GSO,1990,19917
OKC,2002,19889
OKC,2000,19878
BHM,2000,19875
RIC,2007,19857
MKE,1993,19844
SJU,1994,19787
RNO,1991,19774
ANC,2007,19755
SJU,1996,19736
RSW,1990,19675
SJU,1992,19611
TUS,2005,19601
TUL,1996,19558
TUS,2001,19549
ORF,1992,19495
BHM,1998,19490
RNO,1988,19472
MDW,1988,19447
GSO,2004,19439
TUS,1999,19360
ANC,2008,19327
RIC,2005,19321
RSW,1991,19300
MHT,2003,19246
BHM,2003,19233
RIC,2006,19177
SDF,2006,19165
BHM,2006,19161
TUS,1990,19121
BUF,2000,19102
ROC,2004,19065
SJU,1990,19057
JAX,1991,19042
ANC,1995,19040
LIT,2005,19022
GSO,1989,18994
RSW,2003,18981
RSW,1992,18955
TUS,1989,18927
BHM,1997,18922
TUL,1999,18906
ROC,1993,18905
DAY,1994,18893
BUF,1999,18876
BHM,1996,18849
TUL,1997,18849
ORF,1993,18831
BHM,2001,18777
SDF,1991,18776
TUL,1998,18766
ROC,2005,18754
OMA,2001,18744
JAX,1992,18738
ORF,2002,18604
BUF,1996,18601
MHT,2008,18588
RNO,1993,18587
BHM,1988,18585
TUS,1995,18549
TUS,1991,18514
GSO,2005,18512
ORF,2001,18512
TUS,1996,18465
SJU,1991,18424
RNO,1992,18420
TUS,1988,18389
RIC,2001,18366
ALB,2005,18360
TUS,1998,18320
TUS,1997,18316
OMA,1996,18313
TUS,2003,18311
RSW,1993,18225
OMA,1995,18215
ORF,1995,18198
JAX,1995,18184
BHM,1990,18127
BHM,1995,18118
OMA,1988,18111
BOI,2007,18106
JAX,1993,18076
BUF,1998,18068
RNO,1994,18067
ALB,2004,18067
BUF,1997,18009
RNO,1989,17929
MKE,2001,17926
SDF,2002,17887
SDF,1993,17877
DSM,2007,17872
ROC,1994,17863
RSW,2001,17857
TUS,2004,17845
MKE,1994,17808
RNO,1990,17802
HNL,1990,17788
RSW,1988,17766
RIC,1988,17751
TUS,1992,17714
ROC,2006,17621
BHM,1989,17597
GSO,1991,17593
OMA,2002,17586
OMA,1989,17566
LIT,2004,17506
OMA,1991,17501
OMA,1997,17501
LIT,1994,17411
BHM,2002,17398
RIC,2000,17362
ROC,2007,17274
OMA,2000,17262
COS,2007,17233
SJU,1988,17230
HNL,1989,17223
GSO,1993,17196
BHM,1994,17186
MKE,1995,17172
ANC,1994,17146
RIC,2004,17139
SYR,1993,17128
ORF,1996,17123
BOI,2006,17114
ALB,2003,17098
SJU,1989,17075
DAY,1992,17069
COS,2006,17046
OMA,1990,17046
RSW,1989,17045
BOI,2008,17024
LIT,2007,17009
LIT,2006,17006
HNL,2000,16897
OMA,1999,16894
HNL,1991,16887
RIC,1990,16886
BOI,2005,16785
ORF,1997,16781
OMA,1994,16707
LIT,1995,16652
DSM,2008,16643
OMA,1998,16639
SDF,1992,16627
GRR,2008,16616
ANC,1992,16562
RIC,1999,16545
RIC,1994,16506
LIT,1993,16499
ORF,2008,16458
GSO,1992,16426
GRR,2007,16412
LIT,1992,16370
ALB,2001,16349
ORF,1998,16321
GRR,2004,16309
GRR,2006,16261
MKE,1996,16256
ANC,1993,16256
DAY,2004,16251
TUS,2002,16222
COS,2008,16201
LIT,2003,16198
COS,1996,16173
OMA,1993,16171
GEG,2007,16135
ROC,1995,16130
MHT,2001,16106
BHM,1991,16104
BHM,1993,16072
RIC,1989,16051
GRR,2005,16038
KOA,2007,16001
RIC,1995,15990
COS,1997,15986
ORF,2000,15983
SYR,1994,15977
ORF,1999,15954
TUS,1993,15941
TUS,1994,15909
RIC,1993,15836
RIC,1997,15825
DAY,2007,15810
PVD,1991,15806
ROC,1996,15800
DAY,2008,15791
LIT,2001,15765
RIC,1996,15753
BHM,1992,15745
RIC,2003,15711
BUF,2002,15709
FAT,2007,15709
PVD,1992,15690
BOI,2004,15686
RIC,1992,15677
LIH,2007,15677
CHS,2007,15673
HNL,1988,15662
HNL,2003,15660
LIT,1991,15656
OMA,1992,15654
RSW,1994,15607
PVD,1990,15600
ROC,2003,15590
JAX,1996,15570
GEG,2008,15560
LGB,2008,15443
GEG,1997,15413
HNL,1992,15412
MKE,2000,15411
MKE,1999,15407
MKE,1997,15403
LIT,2008,15369
MKE,1998,15270
ROC,2001,15270
MHT,2002,15211
MKE,2002,15190
SYR,2004,15170
GSO,2000,15149
GSP,2004,15141
ANC,1991,15135
ROC,1997,15129
RIC,1998,15107
LIT,1988,15084
GSO,1998,15046
BOI,2003,15038
GSO,1999,15018
LIT,1989,15008
GSO,2001,14992
RSW,1995,14990
RSW,1997,14980
GSO,2007,14980
GEG,1996,14974
ALB,2007,14965
RSW,2000,14954
RSW,1996,14934
CHS,2005,14929
FAT,2006,14904
ROC,1999,14894
GSO,1997,14888
RIC,1991,14888
CHS,2004,14834
LIT,1990,14829
ICT,2007,14750
ALB,2006,14676
OGG,2001,14665
DAY,1993,14664
OGG,2005,14632
ROC,1998,14611
SBA,2006,14605
DAY,1995,14524
SYR,2005,14510
SRQ,1990,14505
ANC,1990,14490
GEG,2003,14489
COS,2005,14444
DAY,2005,14371
PVD,1994,14304
ALB,1992,14294
SAV,2007,14281
FAT,2008,14278
XNA,2005,14277
SBA,2007,14274
ROC,2008,14264
GEG,2004,14263
HNL,1993,14223
LGB,2007,14210
CHS,2008,14181
GEG,1998,14177
GSO,2003,14157
RIC,2002,14121
PVD,1996,14120
SAV,2005,14117
XNA,2008,14112
GEG,2006,14089
GSO,2006,14063
LIH,2006,14053
ICT,2008,14050
RSW,1998,14040
XNA,2007,14025
TYS,2008,14004
CHS,1988,13973
TYS,2007,13965
MSN,2008,13961
ALB,2002,13961
ROC,2000,13950
TYS,2005,13924
LIT,1996,13920
RSW,2002,13825
SAV,2008,13774
GEG,2005,13761
RSW,1999,13749
LIT,2002,13741
OGG,2004,13735
TYS,2004,13733
MHT,2000,13731
FAT,2004,13728
FAT,2005,13727
ALB,1990,13713
ALB,2000,13683
ALB,1989,13651
FAT,2003,13645
ANC,1988,13641
CHS,1990,13622
JAN,2007,13589
GSO,2008,13558
LIT,2000,13543
DSM,1988,13524
LIT,1997,13516
DAY,1996,13510
GSP,2007,13507
GEG,1999,13495
DAY,2006,13481
ANC,1989,13479
ALB,2008,13474
DSM,2006,13429
XNA,2004,13428
MSN,2007,13416
HNL,1994,13369
GSP,2005,13361
PVD,1993,13335
LIT,1998,13297
SYR,2007,13265
GEG,2000,13250
SAV,2006,13248
KOA,2006,13221
PSP,2007,13201
SAV,2004,13194
LIH,2008,13184
PVD,1989,13179
PSP,2006,13154
SRQ,1991,13110
COS,2004,13105
LIT,1999,13031
CHS,1994,13011
MHT,1999,12945
MSN,2006,12945
DAY,2003,12919
LGB,2006,12879
ALB,1993,12836
GRR,2003,12801
SYR,2003,12785
ICT,2006,12772
CAE,2004,12730
KOA,2008,12710
LGB,1990,12708
PVD,1988,12678
ICT,1990,12662
JAN,2008,12609
SYR,1995,12592
HNL,1996,12590
HPN,2007,12569
SBA,2008,12568
BOI,2000,12567
SBA,2005,12553
HNL,1995,12537
PVD,1995,12530
ISP,2004,12505
ISP,2005,12502
ALB,1994,12499
ICT,1989,12483
GEG,2001,12479
ALB,1988,12448
COS,2000,12404
PSP,2003,12369
ALB,1991,12368
SYR,2006,12356
CHS,2006,12330
DSM,1989,12304
COS,1998,12235
GEG,1995,12230
ISP,2007,12222
GEG,2002,12172
BOI,1996,12114
COS,1995,12077
BOI,2001,12076
COS,1999,12073
PSP,2004,12072
SYR,2008,12032
COS,1991,12003
ALB,1995,11997
PSP,2008,11979
GSP,2003,11970
DAY,1997,11964
COS,2003,11952
ISP,2001,11929
HSV,2005,11922
BOI,1997,11922
ISP,2006,11891
ICT,1988,11890
HSV,2004,11890
GSP,1994,11867
GSP,2008,11856
SRQ,1988,11820
HNL,1997,11784
ICT,1991,11706
BOI,1998,11657
ALB,1999,11644
LGB,1989,11625
SRQ,1989,11597
SBA,2004,11585
HNL,1998,11568
DSM,2004,11524
JAN,2004,11523
BTR,2006,11519
CAE,1990,11515
CHS,1989,11507
BOI,1999,11504
DSM,1991,11496
XNA,2006,11429
JAN,2005,11415
SYR,1996,11405
COS,1993,11400
LGB,2004,11388
SYR,2000,11376
CAE,2006,11360
SRQ,1992,11339
ICT,1992,11337
ALB,1996,11304
ALB,1998,11276
JAN,2006,11263
SYR,1999,11252
CAE,2005,11250
HNL,1999,11232
SYR,1997,11227
LGB,2005,11226
GSP,2006,11192
ALB,1997,11179
COS,2001,11176
DAY,2000,11168
CID,2007,11151
SYR,1998,11145
SYR,2001,11137
COS,1992,11127
ICT,2005,11086
DAY,2001,11082
PSP,2005,11071
SGF,2007,11058
HNL,2002,11036
GRR,2001,11009
SBA,2003,11008
BOI,2002,10982
PWM,2004,10968
SAV,1988,10948
PNS,2005,10902
HSV,2008,10791
ISP,2003,10785
DSM,2005,10755
GRR,1990,10740
HPN,2008,10715
ISP,2002,10697
CAE,1988,10686
DAY,1999,10685
CAE,2007,10660
GEG,1988,10657
TYS,2003,10656
ICT,1993,10566
LGB,2003,10560
DAY,1998,10553
CAE,2008,10550
CHS,1991,10527
COS,1988,10508
GRR,1988,10482
GSP,1990,10476
DSM,1992,10473
GEG,1989,10429
COS,1989,10412
XNA,2003,10400
COS,1990,10393
LGB,1991,10354
BTR,2007,10347
LEX,2008,10344
GRR,1991,10327
GEG,1990,10322
MDT,2004,10286
PNS,2007,10280
ICT,2004,10239
PNS,2006,10235
GRR,2002,10231
ISP,2008,10183
BOI,1995,10174
DSM,1990,10148
BTR,2005,10123
JAN,2003,10117
CAK,2005,10108
GRR,1994,10091
ICT,2003,10090
SGF,2008,10087
LEX,2004,10063
GRR,1989,10044
LEX,2007,9980
MSN,2005,9980
DSM,1993,9975
TYS,2006,9954
GSO,2002,9930
COS,1994,9921
LBB,2003,9913
CHS,2003,9900
LEX,2005,9882
GRR,1992,9874
SRQ,1993,9852
PWM,2001,9844
SAV,1990,9831
GRR,1993,9811
HSV,2007,9792
PWM,2003,9783
JAN,1988,9769
LBB,1988,9733
LBB,1990,9679
GSP,1988,9612
ITO,2007,9570
LBB,2005,9537
PWM,2005,9516
MLI,2007,9516
TYS,1995,9509
CAK,2006,9507
PNS,2008,9497
CAE,2003,9492
CRP,2005,9474
MHT,1998,9464
LBB,2004,9431
LEX,2006,9404
CID,2008,9377
SAV,1989,9351
CAK,2007,9335
DSM,2003,9331
LBB,2006,9327
LBB,1989,9316
JAN,1999,9310
SGF,2006,9273
CAK,2004,9266
MAF,1988,9253
ROC,2002,9250
CHS,1995,9228
CRP,2006,9215
SYR,2002,9211
DSM,1994,9201
DSM,1995,9177
GRR,1995,9171
CHS,1992,9158
TYS,1989,9139
JAN,2001,9132
CHS,1993,9126
TYS,1996,9117
JAN,1998,9078
JAN,2000,9038
TYS,1994,9024
TYS,1988,9003
CAK,2008,8994
LBB,1992,8989
BTV,2005,8982
SHV,2007,8969
GRR,1996,8964
JAN,1989,8961
CAE,1989,8958
DSM,1996,8953
BTR,2008,8941
SHV,2004,8940
GRR,1998,8919
GSP,1996,8915
TYS,1997,8895
GRR,1997,8888
MDT,1992,8871
SAV,2003,8850
GSP,1995,8835
CID,2006,8827
LBB,1991,8810
DSM,2001,8806
MDT,2007,8795
GRR,1999,8794
MOB,1990,8789
TYS,1991,8787
JAN,1990,8783
MRY,2007,8768
BTR,1988,8767
FNT,2008,8749
TYS,1990,8731
SAV,1991,8725
TLH,1988,8706
TYS,1993,8706
LBB,2007,8704
PNS,1990,8702
MSN,2004,8696
PNS,1992,8686
BTR,1989,8684
TYS,1992,8681
TLH,1990,8670
GSP,1989,8652
MDT,1995,8648
BTR,1990,8623
MDT,1996,8601
LGB,1988,8599
CRP,2004,8590
MDT,1993,8588
MLI,2008,8567
MAF,2006,8566
GPT,2008,8541
MDT,1994,8538
PWM,1991,8507
CAE,1991,8503
GEG,1992,8502
AMA,2006,8495
SGF,2005,8490
PWM,1989,8474
DSM,2002,8458
ISP,2000,8440
MDT,2003,8435
GRB,2007,8434
HPN,2004,8407
LEX,1988,8397
GEG,1994,8392
PWM,1990,8381
SHV,2005,8378
PWM,2007,8368
AMA,2003,8368
LBB,2001,8328
COS,2002,8324
HSV,1990,8311
MAF,1989,8288
HPN,2003,8273
BTR,1991,8254
MAF,2003,8253
LBB,2008,8249
AMA,2005,8245
TYS,1998,8244
DAY,2002,8217
MRY,2006,8188
SHV,2003,8186
BTR,1992,8182
GEG,1991,8178
AMA,2004,8172
LBB,1993,8114
MAF,2005,8114
TLH,1989,8106
GSP,1991,8092
SHV,2008,8079
MOB,1988,8067
ITO,2008,8051
HSV,1992,8044
BTV,2004,8030
GRR,2000,8006
MAF,1990,8002
GRB,2008,7930
SAV,1992,7905
HSV,1993,7902
MAF,2004,7900
MDT,1991,7893
MOB,1991,7884
SRQ,1994,7884
LIH,2001,7878
ICT,2001,7873
MDT,2006,7867
CRP,2003,7863
MYR,2004,7849
ICT,1997,7831
MDT,1997,7806
MOB,1992,7804
DSM,1997,7785
MSN,1992,7777
FNT,2007,7775
BTR,2004,7771
PNS,1991,7734
JAN,1992,7725
PSP,2001,7716
GSP,1997,7715
GRB,2006,7712
MDT,1998,7711
LBB,2002,7678
HSV,2006,7669
JAN,1991,7664
PWM,1992,7639
HSV,1991,7624
AMA,1988,7608
MRY,2008,7607
MAF,2007,7604
MDT,1999,7603
MDT,2008,7594
CHS,1996,7591
MDT,2005,7588
MSN,2003,7583
SHV,1988,7572
ISP,1988,7570
HPN,2001,7553
PWM,2006,7551
AMA,2007,7542
FNT,2005,7526
LIH,2005,7525
MAF,1995,7512
KOA,2001,7508
LEX,1989,7497
AMA,2008,7496
BTR,2003,7494
SRQ,2006,7493
ICT,1998,7477
MAF,2001,7477
LIH,2004,7469
SRQ,1996,7458
MRY,2003,7437
ABE,1992,7428
CHS,1997,7424
MDT,1990,7403
CAE,1992,7374
CID,2005,7369
GEG,1993,7362
SRQ,2005,7349
MDT,2000,7344
SRQ,2007,7331
GPT,2007,7330
DAB,1990,7324
ICT,1994,7322
MOB,1993,7305
CRP,1992,7298
HSV,1994,7298
JAN,1993,7296
GSP,1993,7294
MRY,2004,7289
TLH,1992,7276
PWM,2002,7267
PWM,1988,7264
GSP,2001,7255
ITO,2006,7249
HSV,1989,7239
BTV,2007,7239
CHS,1998,7231
MRY,2005,7225
PNS,2004,7223
SHV,1989,7209
MYR,2005,7201
JAN,1997,7201
MAF,1993,7201
ABE,1995,7198
SHV,2006,7197
BTV,2003,7188
MAF,1991,7184
MAF,2002,7184
MAF,1994,7176
CID,2001,7159
MSN,1990,7146
ABE,1996,7125
ICT,1996,7125
TLH,1991,7118
SAV,1993,7107
ABE,1994,7096
PNS,1988,7096
MYR,2006,7088
BTV,1990,7076
LBB,1997,7053
SBP,2007,7052
ICT,1995,7051
DSM,1998,7023
FNT,2006,7007
BTV,2008,7005
GRB,2005,7001
PNS,1989,6996
HPN,2006,6983
MDT,1989,6976
CHS,1999,6974
CHS,2000,6969
MOB,1989,6961
MAF,1992,6960
HSV,1995,6957
GPT,2006,6955
TYS,2000,6950
GSP,1998,6945
GSP,1999,6932
SBP,2006,6930
VPS,2007,6927
ABE,2004,6909
PWM,2008,6897
JAN,2002,6896
GSP,2000,6896
DSM,1999,6895
CRP,1991,6890
DET,1990,6890
BTV,1988,6882
LBB,1996,6872
KOA,2005,6871
BTV,2006,6869
ABE,1997,6865
SRQ,1995,6863
MAF,2008,6839
FNT,2004,6829
MDT,2001,6827
VPS,2008,6820
CAE,1996,6818
PNS,2003,6815
SHV,1990,6811
LEX,2003,6808
HSV,2003,6798
SRQ,1997,6797
FSD,2007,6781
SAV,1994,6773
FWA,2004,6770
GSP,1992,6769
CRP,2007,6769
BTV,1989,6765
MYR,2007,6764
PHF,2005,6755
LBB,1994,6750
TYS,1999,6748
SAV,2001,6735
PNS,1994,6731
BOI,1989,6707
HRL,1990,6697
MAF,1996,6692
PSP,1991,6689
MDT,1988,6683
DSM,2000,6682
HRL,1988,6676
ISP,1989,6673
LBB,1998,6663
FAT,1990,6647
BOI,1988,6623
PNS,1995,6621
PWM,1998,6615
FWA,2007,6593
VPS,2005,6587
HPN,2005,6582
PWM,1997,6579
HRL,1993,6574
HRL,1989,6560
FSD,1992,6556
TLH,1994,6553
ICT,2000,6541
PNS,1993,6532
PNS,1998,6522
ABE,1993,6515
CRP,1993,6515
BTR,1993,6512
MAF,1997,6509
VPS,2004,6492
PWM,1993,6492
SGF,2004,6485
CRP,1990,6483
MAF,1998,6470
BOI,1990,6454
VPS,2006,6437
SRQ,2008,6432
DAB,1992,6418
ICT,1999,6407
PHF,2008,6406
CAE,1993,6404
AMA,1990,6391
MFR,2007,6389
MAF,1999,6377
DAB,1988,6375
MSN,2001,6374
EUG,2007,6369
PNS,1997,6366
HSV,1988,6360
MOB,2008,6348
KOA,2004,6344
AMA,1989,6342
LBB,1995,6338
AMA,2002,6320
SRQ,2004,6311
EUG,2006,6310
MLI,2006,6309
ABE,2000,6302
PNS,1996,6297
TLH,1993,6290
FWA,2005,6276
OGG,2003,6274
MSN,2002,6244
BIL,1988,6240
ABE,1998,6236
PWM,1996,6232
HPN,1995,6228
PSP,1990,6219
MFR,2006,6217
LAN,2004,6208
HRL,1992,6192
FSD,2006,6188
ISP,1999,6187
ATW,2007,6179
ABE,1991,6178
MOB,2007,6171
BTV,1991,6150
FWA,2008,6144
BOI,1994,6141
AMA,2001,6138
BOI,1992,6128
CID,2004,6124
PHF,2006,6115
CHS,2001,6111
PWM,2000,6107
CAE,1994,6107
FWA,2003,6097
ABE,1999,6089
MSN,1989,6072
PNS,1999,6071
HSV,1997,6070
HRL,1991,6065
PWM,1994,6047
JAN,1996,6046
CAE,1997,6039
FSD,1993,6015
SHV,2001,6014
FSD,1990,6011
ABE,1990,6010
LBB,1999,5999
GPT,2004,5998
PSP,2002,5997
SRQ,1998,5985
HPN,1996,5985
FSD,1991,5979
DAB,1989,5974
AMA,1992,5927
PWM,1999,5924
LGB,1992,5918
HSV,1998,5915
TLH,2008,5912
BOI,1991,5911
HPN,1997,5907
SHV,1991,5902
AMA,1991,5890
HRL,2004,5884
XNA,2001,5882
CRP,1989,5880
HRL,2005,5880
HRL,1994,5874
ATW,2008,5873
HSV,1996,5869
SHV,1992,5866
ISP,1991,5866
HSV,1999,5860
EVV,2005,5857
HRL,2006,5854
SBP,2008,5846
HPN,1994,5845
EVV,2008,5844
MOB,1994,5842
EVV,2007,5832
FSD,2008,5828
GPT,2005,5825
SBA,2001,5821
PSP,1989,5809
DAB,1991,5787
HSV,2000,5770
SAV,1995,5763
CID,1997,5753
HRL,1995,5752
EUG,2008,5749
GPT,2003,5747
ISP,1990,5744
GRB,2004,5739
PNS,2000,5734
BFL,2006,5732
MLB,1990,5725
FSD,1988,5723
CAE,1995,5714
LFT,2007,5713
DET,1989,5712
HRL,2003,5711
MSN,1991,5702
ABE,2007,5701
LBB,2000,5681
EUG,2005,5680
MDT,2002,5676
LEX,1990,5672
SBP,2004,5657
SAV,2002,5655
MFR,2008,5652
HPN,2002,5650
FAT,1988,5638
HSV,2001,5638
GRK,2005,5636
SBP,2005,5622
OGG,2000,5621
CAE,1998,5616
SAV,1996,5613
BIL,2004,5605
SBP,2003,5596
SWF,2007,5592
PIA,2008,5581
TYS,2001,5567
MYR,2003,5565
MOB,2006,5562
TOL,2004,5557
CRW,2003,5551
PHF,2007,5548
CRP,1988,5539
MSN,1993,5532
PHF,2004,5529
CID,1998,5528
MSN,1988,5526
HPN,1993,5517
FAI,1999,5514
MLI,1988,5510
CID,1989,5479
FSD,1989,5464
CID,2003,5462
PWM,1995,5451
EUG,2004,5442
CRW,2004,5438
EVV,2004,5436
FAI,2003,5420
CID,1996,5418
PIA,2007,5417
FAI,2001,5413
FAI,2004,5413
VPS,2003,5412
SAV,1997,5409
BOI,1993,5404
BTR,1994,5399
FAI,1998,5390
LFT,2006,5385
FAI,2000,5379
MOB,1995,5378
SAV,2000,5377
BIL,2005,5375
ICT,2002,5373
FAI,2002,5373
CID,1999,5369
BIL,1990,5367
TLH,2004,5366
CRP,2001,5359
TLH,2005,5348
CID,1990,5347
MAF,2000,5345
MYR,2008,5335
TOL,2005,5330
SBN,2008,5319
CID,1995,5318
LNK,1988,5312
LEX,1992,5311
ASE,2008,5307
ASE,2007,5305
FAR,2007,5300
LEX,1993,5299
FAI,2005,5295
MHT,1991,5283
BZN,2005,5281
BGR,2005,5280
CID,1992,5277
FAT,1989,5271
CRP,2008,5270
BIL,1989,5264
ABE,2001,5262
LEX,1991,5261
BZN,2007,5237
PNS,2001,5231
BIL,1992,5228
MFR,2005,5220
SRQ,1999,5214
GRK,2006,5202
BFL,2007,5195
FSD,2004,5189
ABE,2006,5188
CHA,1988,5185
CRP,1994,5182
HRL,1996,5182
DET,1991,5180
XNA,2002,5178
BTV,1992,5175
DAB,1993,5153
GJT,2008,5152
GRK,2007,5149
CID,2000,5146
SAV,1998,5133
PSP,1992,5131
SBN,2007,5128
AZO,2007,5121
FAT,1991,5108
SHV,1993,5108
CHA,2005,5103
JAN,1994,5101
PSP,1988,5092
AMA,1993,5089
FWA,2006,5083
SAV,1999,5082
LEX,1995,5070
MOB,2004,5065
BGR,2004,5063
CID,1988,5063
BIL,1993,5059
HRL,2007,5055
HRL,2001,5054
SGF,2001,5050
LEX,1994,5046
CHA,2004,5035
BTR,2001,5028
RAP,2007,5023
HPN,2000,5006
CID,1991,5003
CRW,2005,5000
CHA,1989,4995
CHA,1990,4988
FAI,2007,4968
HPN,1999,4961
ABE,1989,4959
MOB,2003,4949
ABE,1988,4947
JAN,1995,4945
SRQ,2000,4942
RAP,2006,4938
FAI,2006,4930
FWA,1988,4929
BIL,1991,4922
MLI,2005,4920
FAI,1996,4901
MHT,1997,4897
FAR,2006,4888
CAE,2000,4885
LAN,2006,4881
MLB,1991,4879
LFT,2008,4879
SBN,2004,4873
AMA,1997,4862
GJT,2007,4858
BZN,2004,4851
AMA,1998,4847
ROA,2003,4846
LAN,2003,4845
MFE,2006,4845
FAI,1995,4843
CAE,1999,4842
LNK,1990,4839
CID,1993,4833
BTR,1996,4831
FAI,1997,4828
FAI,2008,4822
AZO,2006,4815
MLB,1988,4812
ABE,2008,4807
AZO,2004,4807
BZN,2006,4805
BMI,2008,4801
AMA,1999,4794
AMA,1996,4792
AMA,2000,4790
MLB,1992,4784
MHT,1992,4782
ROA,1988,4767
LNK,1989,4765
CID,2002,4764
FSD,2005,4759
FWA,1989,4753
ABE,2005,4742
BTR,1995,4741
MFE,2007,4733
GJT,2006,4731
GRB,2003,4707
CHA,2006,4704
ROA,2004,4698
GSP,2002,4697
BIL,2007,4694
BIL,2006,4692
BTR,1998,4679
MFR,2004,4676
BTR,1997,4669
BTR,1999,4668
HPN,1998,4668
TLH,1995,4668
SHV,2002,4667
PIA,2006,4664
PSP,2000,4663
BZN,2008,4659
PIA,2005,4659
CRW,1988,4641
MSN,1995,4640
MLB,1989,4637
CRP,2002,4632
MHT,1995,4629
MSN,1998,4613
LAN,2007,4602
JNU,2002,4593
FSD,1996,4583
JNU,2001,4582
SHV,1994,4581
JNU,2004,4577
MHT,1990,4575
CHA,2008,4571
MSN,1999,4567
SHV,1995,4552
MOB,2005,4551
SWF,1991,4546
DAB,1994,4538
MSO,2004,4536
LGB,1993,4536
BMI,2006,4535
CHA,2007,4533
MSN,1997,4526
SRQ,2001,4523
MSO,2005,4519
ILE,2003,4508
GRB,2002,4506
BIL,2008,4505
JNU,2003,4504
BFL,2008,4502
JNU,2000,4491
JNU,2005,4489
CHS,2002,4487
JNU,1999,4482
JNU,1998,4479
FAI,1994,4473
SWF,1994,4465
AVL,2005,4458
CAK,2003,4453
JNU,2006,4450
BTR,2000,4449
JNU,2007,4447
AZO,2005,4442
BTV,2001,4442
ROA,1990,4433
FAR,2008,4431
TOL,2003,4429
MSN,1996,4428
JNU,1996,4425
HRL,2008,4421
MHT,1994,4419
JNU,2008,4410
SGF,2002,4403
SWF,1995,4402
AVL,2008,4399
SBA,1990,4398
CID,1994,4398
PHF,2003,4395
MOB,1997,4370
DAB,1995,4364
MLB,1993,4356
ATW,2006,4348
MHT,1996,4344
FSD,1995,4343
BIL,2003,4339
ISP,1992,4323
AGS,2003,4321
MOB,1999,4311
RAP,2004,4308
EUG,1989,4307
MLI,1989,4306
MOB,2000,4304
BGR,2006,4303
MOB,1998,4297
AMA,1995,4294
AVL,2004,4290
HRL,1997,4290
EVV,2003,4284
GTF,2005,4280
FAY,1988,4268
LEX,1996,4264
SWF,1992,4263
TVC,2008,4262
RST,2007,4252
JNU,1997,4251
MFR,2003,4250
SWF,2008,4249
MBS,1997,4245
MYR,1989,4241
SWF,1996,4235
TLH,2007,4231
CRP,1995,4225
FAR,2003,4220
BMI,2007,4219
LNK,2007,4218
SBA,1991,4216
SGF,2003,4216
PSP,1998,4216
SRQ,2003,4206
LAN,2005,4206
MOB,1996,4188
ROA,2006,4184
JNU,1992,4179
LEX,1997,4171
HRL,1998,4170
HRL,2000,4167
PSC,2004,4162
RAP,2008,4161
JAC,2003,4156
MSN,1994,4151
HRL,1999,4150
CRW,1989,4141
DRO,2006,4138
TVC,2007,4137
PIA,2004,4131
HPN,1992,4131
JNU,1995,4130
AMA,1994,4128
HRL,2002,4123
MFE,2008,4116
CRW,2006,4115
ISP,1993,4115
BIS,1988,4113
BZN,1993,4105
ACV,2004,4101
CAK,1988,4099
MBS,1996,4096
RAP,2003,4093
BGR,2007,4091
FAT,1992,4087
MGM,2007,4085
FAI,1992,4084
BGR,2003,4077
SHV,1996,4077
TYS,2002,4075
ITO,2001,4073
ABE,2003,4071
MLI,2004,4058
MFE,1995,4057
MSO,2006,4057
BZN,2003,4043
ACV,2005,4042
ILM,2005,4040
BFL,2005,4040
BIS,1989,4039
AGS,2004,4039
DAB,1996,4031
ACV,2003,4027
FSD,1997,4027
AZO,1988,4027
DAB,2004,4025
EVV,2006,4010
SWF,1993,4002
FAI,1993,3993
FSD,1994,3986
FWA,1990,3982
MSN,2000,3976
GJT,2005,3973
MHT,1993,3971
LFT,2003,3966
PNS,2002,3963
BZN,1990,3954
TRI,2004,3951
EUG,2003,3949
BZN,1992,3946
PSP,1999,3944
MBS,2003,3939
DRO,2007,3939
LFT,2005,3937
LEX,1998,3936
MBS,2004,3934
RAP,2005,3930
GTF,1988,3929
MBS,1998,3929
OGG,2002,3929
AZO,2008,3924
BZN,1991,3916
ROA,1989,3915
MBS,1994,3915
MBS,2000,3912
FAR,2004,3912
CHA,1991,3909
BIL,1994,3905
GRB,2001,3905
SBN,2005,3903
SHV,1997,3893
CPR,2007,3890
CLL,2004,3889
FAT,1993,3889
SHV,1998,3884
FSD,1998,3882
GJT,2003,3881
PFN,2008,3875
SHV,1999,3873
ACV,2007,3872
YUM,2008,3871
JNU,1991,3866
FSD,1999,3865
BIS,1990,3864
FAR,2005,3862
MBS,1995,3861
MGM,2008,3851
MBS,1989,3844
LFT,2004,3840
CHA,2003,3836
ILM,2007,3815
MSO,2007,3807
MYR,1988,3803
CMI,2005,3802
TVC,2006,3796
CHA,1993,3786
MBS,1999,3786
GTF,2004,3780
JNU,1994,3778
BZN,1989,3774
AVL,2007,3773
CHA,1992,3770
JAC,2008,3766
CAK,1990,3764
PIA,2003,3758
FAT,2001,3752
MBS,2007,3744
JAC,2006,3740
CRP,1996,3737
TLH,2003,3734
GRK,2008,3733
ASE,2006,3733
LEX,1999,3733
ILM,1988,3730
TRI,2005,3729
DAB,2005,3721
TOL,1988,3720
ROA,2008,3720
RDM,2006,3714
ACV,2008,3714
GNV,1990,3708
BGR,2001,3708
ROA,2007,3707
BIL,1995,3701
MBS,1990,3701
ISP,1994,3696
JNU,1993,3696
LAN,2008,3693
MLB,1994,3692
DAB,2007,3687
AVL,2003,3680
LGB,2000,3675
DRO,2008,3674
MFE,2005,3673
ACV,2006,3664
MLI,1990,3653
JNU,1990,3652
RDM,2007,3646
MGM,2003,3645
AGS,1992,3640
SGU,2007,3636
GJT,2004,3633
DET,1992,3626
MGM,1988,3622
FAI,1988,3603
BZN,1988,3597
TYR,2004,3595
EUG,1988,3594
GUM,1991,3593
TOL,2006,3591
SBN,1994,3589
DAB,1997,3588
JNU,1989,3580
ROA,1991,3580
SBN,1996,3574
JAC,2005,3572
CRP,1997,3568
SWF,1997,3568
SBN,1995,3560
DAB,2006,3557
BIL,1996,3549
PSC,2005,3543
CPR,2005,3542
MGM,2005,3542
CHA,1994,3537
JAC,2004,3533
FCA,2005,3530
MBS,1988,3529
FAI,1991,3527
YUM,2007,3524
ACT,2004,3522
SHV,2000,3520
MLU,2004,3520
LEX,2000,3519
MFE,1996,3519
MFE,2000,3519
MLB,2005,3518
JAC,2007,3517
RST,1995,3514
MGM,2004,3511
SBN,1997,3510
MLU,2003,3509
CRW,2007,3498
GTF,2006,3498
GUM,1992,3496
AGS,1993,3494
FAI,1990,3494
FSD,2000,3488
LNK,1995,3488
PSP,1997,3479
HSV,2002,3478
CAE,2001,3477
OGG,1988,3474
SBA,1989,3470
PFN,2007,3468
BIL,1997,3467
MYR,1990,3462
MBS,1991,3462
BTR,2002,3459
SRQ,2002,3455
SGU,2006,3447
AZO,1989,3446
MFE,1994,3443
RST,1996,3441
BTV,1993,3435
RDM,2008,3434
MBS,1993,3427
TOL,1989,3422
RST,1994,3420
MHT,1989,3417
ILM,2006,3417
MFE,1999,3415
TRI,1991,3414
CRW,2008,3414
ILM,2008,3397
AGS,1991,3390
SUX,1988,3389
RST,1993,3388
CHA,1995,3387
AZO,1990,3387
IDA,2007,3383
MFE,2001,3368
BTV,1995,3362
ILM,2004,3361
SBN,1992,3360
STT,2001,3360
SBN,1998,3356
EGE,2007,3355
FWA,1995,3354
RST,2008,3353
JNU,1988,3349
YUM,2006,3349
BTV,1996,3347
LAN,1988,3346
AGS,1994,3345
BFL,2004,3344
MLI,1992,3341
ILM,2003,3337
MFE,1997,3335
FAI,1989,3330
LGB,1999,3329
EUG,1990,3327
MOB,2001,3323
FAT,2002,3320
SGU,2008,3319
STT,2005,3318
IDA,2003,3317
ROA,1995,3312
FCA,2004,3310
TRI,1994,3305
FCA,2007,3305
FSD,2003,3305
SBA,2002,3302
MYR,1991,3302
STT,1993,3296
MLB,1996,3295
STT,2004,3294
CLL,2005,3294
CMI,2006,3291
MBS,1992,3279
MGM,2006,3278
OGG,1989,3278
FWA,1991,3276
SBA,1988,3270
MSO,2003,3268
FAR,1993,3262
AEX,2003,3261
FAR,1992,3260
MSO,2008,3256
CPR,2004,3255
CLL,2003,3255
AEX,2004,3254
RDM,2005,3253
LNK,1996,3252
FNT,2003,3246
PFN,2003,3242
BTV,1994,3241
MLI,1991,3240
LGB,2002,3237
GTF,1990,3234
SBN,1993,3234
PFN,2004,3231
FAY,1989,3225
ISP,1996,3223
AGS,1988,3218
CPR,2006,3215
SUN,2007,3208
TRI,1988,3205
GTF,1991,3203
PIA,1988,3203
AZO,2003,3202
SUN,2003,3201
IDA,2004,3197
ROA,1994,3196
LAN,1989,3194
GTF,1989,3192
ILE,2001,3189
TYR,2001,3187
FAT,1994,3183
CRW,1990,3179
TLH,2006,3176
PSC,2003,3174
MLB,1995,3171
MFE,1998,3169
STT,2002,3168
SWF,2004,3166
ILE,2002,3161
MFE,2004,3161
TYR,2005,3161
PSP,1994,3160
BIS,1991,3160
IDA,2005,3155
BIS,2007,3155
AVP,2004,3153
STT,1988,3152
AVL,1994,3145
PSP,1993,3143
MGM,1992,3141
DET,1993,3140
CMI,2004,3140
ILM,1989,3139
RST,1997,3137
AGS,1990,3136
PSP,1995,3132
AZO,1991,3132
FWA,1992,3131
SBA,1992,3127
BGR,2002,3127
BIL,2001,3124
FWA,1993,3119
FAY,1993,3119
LGB,1998,3118
ROA,1996,3118
STT,2003,3116
STT,1994,3112
ISP,1995,3111
SGU,2003,3107
EGE,2008,3106
AVP,1990,3106
MBS,2006,3103
IDA,2008,3103
ROA,1992,3101
CAK,1989,3100
FWA,1994,3097
CRP,2000,3096
MLU,2007,3094
SUN,2005,3094
AVP,1996,3094
ABI,2004,3088
AGS,1989,3086
AVL,2006,3081
SUN,2004,3078
CAK,1991,3076
MFE,1993,3070
GTF,1992,3070
CRP,1998,3067
GRB,1990,3067
GRB,1996,3066
GRB,1992,3066
MFE,2003,3063
SUN,2006,3060
MOD,2007,3060
TRI,1995,3056
AVL,1991,3054
TRI,1993,3053
GRB,1991,3050
LNK,1991,3049
RST,1992,3047
OGG,1999,3047
ROA,2005,3041
LNK,2008,3037
PSP,1996,3036
LNK,1999,3034
SBN,2003,3027
BIL,2000,3026
CHO,2004,3025
TYR,2003,3025
BTV,2002,3024
FSD,2001,3019
CRP,1999,3016
LNK,1993,3013
SWF,2005,3013
DAB,2003,3013
OGG,1998,3011
EGE,2006,3009
EKO,2003,3007
OGG,1990,3004
LAN,1990,3003
LGB,1994,3000
AEX,2007,2996
FAY,1990,2994
TVC,2004,2987
TRI,2003,2980
AZO,1992,2974
STT,2008,2972
ILE,2004,2969
STT,2006,2969
MFE,1992,2964
DAB,2008,2957
STT,2007,2955
OGG,1991,2954
OGG,1992,2952
ORH,1989,2951
LEX,2001,2949
ACT,2005,2947
MBS,2001,2946
SGU,2005,2946
BTV,1997,2945
LRD,2005,2944
MBS,2005,2940
STX,1991,2938
FSM,2008,2937
DAB,1998,2936
TVC,2005,2930
SBN,1999,2929
GTF,1993,2921
MBS,2008,2918
GTF,2007,2917
FAR,1988,2916
GRB,1989,2916
RST,1991,2915
OGG,1997,2914
RST,1989,2913
MFE,2002,2910
BIL,1999,2907
EUG,1992,2906
LNK,2006,2906
GRB,2000,2904
RST,1990,2892
FSM,2001,2890
AVP,2007,2890
GNV,1989,2890
EUG,1993,2888
PFN,2005,2886
MLB,1997,2885
BIL,2002,2881
BGR,2008,2879
BIL,1998,2878
AVL,1995,2877
ROA,1993,2874
STT,1995,2874
SUN,2008,2871
MYR,2001,2869
ORH,1988,2859
TOL,1990,2857
CLD,2006,2853
LNK,1992,2852
BIS,1992,2846
TYR,2002,2845
ABI,2006,2845
GRB,1995,2843
SGU,2004,2839
ABI,2007,2836
BGR,1991,2835
HPN,1991,2833
LGB,2001,2827
LNK,1997,2817
LNK,1998,2817
AVL,1993,2816
TOL,1991,2809
AEX,2006,2809
MHT,1988,2800
LAN,1991,2797
RST,1988,2788
FAR,1989,2788
FSM,2002,2787
STT,1991,2782
ROA,1997,2779
TRI,1989,2776
ITO,2005,2776
RAP,1988,2775
CMI,2008,2774
STT,2000,2770
OGG,1996,2769
AGS,2005,2764
ELM,1988,2764
MFE,1991,2764
FCA,2008,2762
EUG,1991,2759
BFL,2003,2758
CMI,2007,2757
CRW,1991,2757
LRD,2006,2756
MLB,2004,2754
IDA,2006,2752
GRB,1997,2751
ABI,2005,2749
CAK,1992,2749
MYR,2000,2745
EYW,2001,2744
LNK,2000,2743
LNK,1994,2743
GRB,1993,2742
BTV,1998,2738
BMI,2004,2737
PSC,2007,2736
ACT,2003,2736
FSM,2007,2735
ILM,1990,2732
CLD,2007,2730
MTJ,2005,2728
LAN,2002,2727
MLI,2003,2722
MYR,1995,2720
TLH,1996,2718
SBN,1988,2715
SJT,2004,2712
SBN,1989,2711
CPR,2008,2709
MTJ,2006,2708
TRI,1992,2707
EKO,2004,2697
OGG,1994,2695
MLI,1994,2692
GRB,1994,2692
OGG,1993,2689
FAR,1990,2688
LAN,1992,2688
ACT,2001,2686
SPS,2005,2686
HDN,2007,2685
GTF,2003,2680
BTV,1999,2676
GNV,1992,2667
MSO,1988,2665
HLN,2004,2663
ABI,2008,2660
AVL,1992,2657
FAY,1992,2654
CHO,2003,2649
AZO,2001,2647
STT,1999,2644
FCA,2006,2638
KTN,1996,2636
BTV,2000,2634
FLG,1988,2631
HPN,1990,2625
AZO,1994,2622
RAP,1992,2620
RAP,1993,2620
LAN,2001,2614
FWA,2001,2614
FAY,1991,2612
OGG,1995,2609
MLI,1993,2608
LAN,1993,2606
MTJ,2007,2606
AVP,1995,2605
FAR,1991,2604
AZO,1993,2604
STT,1992,2603
RAP,1990,2601
SBA,2000,2601
ISP,1997,2598
AVP,2005,2597
AEX,2005,2595
EVV,1988,2594
BZN,1994,2593
AVP,2006,2591
MGM,1989,2590
KTN,1995,2589
RDM,2003,2588
GNV,1988,2586
KTN,1998,2581
STX,1988,2580
FAR,1999,2578
RST,2006,2578
PFN,2006,2577
STX,1990,2574
ABI,2001,2567
GRB,1998,2567
CRW,1992,2566
ATW,2004,2565
CWA,2008,2563
MYR,2002,2563
KTN,1997,2560
BGR,1993,2556
CLL,2001,2553
TLH,1997,2551
LRD,2007,2543
PSC,2008,2541
MLU,1988,2540
SBA,1993,2539
TVC,2001,2536
SBN,1990,2533
MLU,2008,2530
MLU,1996,2529
ABI,2003,2529
ITO,2004,2526
AVP,1993,2524
MGM,1991,2522
LGB,1997,2522
BMI,2005,2521
KTN,2001,2520
BGR,1992,2520
MTJ,2004,2518
MRY,1988,2518
MLU,1992,2515
RST,2005,2513
LSE,2007,2512
MGM,1993,2508
AVP,1994,2507
KTN,2000,2507
FAT,1995,2507
LIH,2003,2506
RAP,1991,2505
TRI,1990,2505
ILM,1991,2504
MSO,1989,2504
FAY,1994,2503
MSO,1991,2503
MSO,1993,2503
HDN,2006,2501
KOA,2000,2500
STT,1990,2500
KTN,2002,2499
MGM,1995,2498
ROA,1998,2492
KTN,2004,2491
MLU,1991,2491
AZO,1995,2490
RDM,2004,2488
MLU,1990,2487
BPT,2004,2484
TLH,1998,2483
MLU,1993,2483
MGM,1994,2482
MSO,1990,2481
GNV,1993,2481
KTN,2003,2479
MLU,1989,2478
KTN,2005,2476
SUX,1990,2475
SBP,2001,2474
KTN,1992,2474
MYR,1994,2472
PIE,2003,2466
TOL,1992,2464
BGR,1990,2463
GTF,1997,2461
TOL,1995,2461
LAN,2000,2460
ACT,2006,2458
CRW,1994,2456
MYR,1996,2449
BIS,2004,2445
FLG,1989,2445
EVV,1989,2443
TOL,1997,2442
GRB,1988,2442
GTF,1996,2441
TOL,1994,2440
KTN,1999,2440
ABI,2002,2437
CRW,1993,2437
SBP,2002,2436
RAP,1989,2436
HLN,2005,2435
FAR,1996,2434
TOL,1993,2434
GNV,2003,2431
KTN,1994,2429
GRB,1999,2429
SBN,1991,2429
LAN,1994,2429
GTF,1995,2428
BIS,2005,2426
TOL,1996,2426
GTF,1998,2421
MGM,1990,2421
SPS,2006,2420
MTJ,2008,2419
GTF,1999,2415
GUM,1990,2414
FAR,1997,2413
SGF,1988,2411
SUX,1989,2411
MLB,1998,2411
ROA,1999,2409
MYR,1998,2408
KTN,1993,2406
FAR,2002,2405
AGS,2008,2403
HDN,2008,2398
RST,2004,2395
ATW,2005,2392
ACT,2002,2390
KTN,2006,2388
KTN,2007,2388
AGS,1995,2387
AVP,2008,2386
KOA,2003,2386
FAR,1998,2385
MSO,1992,2384
KTN,2008,2380
SJT,2003,2379
BIS,1993,2377
ORH,1990,2372
ITH,1988,2370
LAW,2008,2369
FLG,1990,2366
LAN,1995,2365
BIS,2006,2364
DAB,1999,2363
GTF,1994,2361
RST,2002,2358
FWA,2002,2356
MLB,2003,2354
GNV,2004,2354
MLU,1994,2353
VPS,2002,2353
MOD,2006,2351
ACT,2007,2349
STX,1989,2347
FAR,2000,2346
TLH,1999,2344
FAR,1995,2339
GTF,2000,2338
AVL,1989,2334
LAW,2007,2333
AGS,2006,2332
AEX,2008,2330
PSC,2006,2329
HTS,1988,2328
LAW,2001,2327
PIE,2004,2325
MOD,2008,2325
AVL,1988,2321
AVL,1990,2320
MRY,2001,2319
LAW,2002,2318
MYR,1992,2318
SPS,2007,2316
BRO,2006,2314
KTN,1991,2304
CLD,2008,2303
MYR,1993,2303
LRD,2003,2300
TVC,2002,2299
ISP,1998,2295
BIS,2008,2293
MLU,2006,2289
AGS,2007,2286
ERI,1988,2285
EUG,1996,2282
RST,1998,2279
EUG,1997,2276
LAW,2005,2276
AVP,1988,2273
STX,1992,2273
FAY,1996,2271
EUG,1998,2271
MYR,1997,2271
HTS,1989,2268
GJT,1988,2267
FAY,2008,2267
TWF,2005,2267
LNK,2004,2267
AVP,1992,2264
LRD,2004,2263
MLB,2006,2262
BZN,1996,2256
SJT,2001,2256
SPN,1992,2247
JAC,1992,2245
AZO,1996,2244
MRY,1990,2244
RDD,2003,2243
FLG,1991,2242
TOL,2001,2241
GNV,2005,2241
HPN,1989,2240
RST,2000,2235
GRK,2004,2232
EYW,1988,2230
KTN,1990,2226
GTF,2001,2220
STT,1998,2219
CMI,1988,2218
ROA,2000,2217
SJT,2005,2216
SGF,1989,2212
HPN,1988,2212
TVC,2003,2211
KTN,1988,2211
MLU,1995,2209
FSM,2003,2207
SPS,2004,2206
BZN,1995,2205
ILM,1995,2204
FAR,1994,2201
CSG,2003,2197
RST,1999,2195
ILM,2000,2195
MLU,1997,2190
DLH,2007,2188
FAY,1995,2188
MTJ,2003,2188
MLU,1998,2188
FAY,2007,2185
RST,2001,2185
AGS,1997,2183
MGM,1997,2183
MGM,1996,2180
MLU,1999,2180
CLL,2002,2178
MFR,1988,2178
EUG,1999,2175
SPN,1991,2174
EUG,1995,2173
EVV,1990,2173
CSG,2004,2173
KTN,1989,2172
JAC,1993,2168
ILM,1996,2168
RDD,2004,2165
BGM,1988,2161
LAW,2006,2160
MYR,1999,2159
MRY,1989,2157
IDA,1988,2157
MLU,2000,2154
FWA,1996,2153
EUG,2000,2148
MFR,1989,2148
ILM,1997,2148
MSO,1999,2144
GTF,2008,2140
CLD,2003,2139
CHO,2005,2139
AGS,1996,2137
ILM,2001,2135
LFT,2001,2133
LAN,1997,2132
LAW,2003,2132
BGM,1990,2131
LAN,1999,2131
BGR,1988,2131
SMX,2003,2131
SMX,2005,2130
CLD,2004,2129
ILM,1994,2128
SMX,2004,2127
EYW,1989,2125
ERI,1989,2121
CPR,2003,2121
ILM,1998,2119
LAN,1998,2118
TLH,2000,2118
LAN,1996,2118
TRI,2008,2117
LRD,2008,2115
STT,1997,2108
EUG,1994,2108
STX,1993,2106
EYW,1990,2106
FSM,2005,2105
LAW,2004,2104
BZN,1997,2103
SJT,2002,2103
BGM,1989,2102
BGR,1989,2102
LIH,2000,2101
FSD,2002,2099
TWF,2007,2099
TOL,2007,2096
SBA,1994,2093
ABE,2002,2090
CLD,2005,2088
TWF,2006,2086
MLU,2005,2081
ILM,1999,2075
GTF,2002,2071
ILM,1992,2071
PIA,1989,2070
DLH,2002,2069
BGR,1994,2068
FWA,1997,2067
GUM,1989,2067
SPS,2002,2065
SGF,2000,2065
GNV,2008,2064
SPS,2003,2059
SGF,1999,2056
TWF,2004,2053
TRI,1996,2053
LNK,2005,2044
MLB,2007,2044
RDD,2006,2044
IDA,1989,2044
DAB,2000,2037
TWF,2003,2034
CRW,1995,2031
MLI,2001,2030
STT,1989,2029
DHN,2004,2028
ILM,1993,2028
PIH,2005,2023
MOB,2002,2018
SBN,2000,2016
DLH,2008,2013
LSE,2008,2005
DET,1988,2002
MLB,2008,2002
TXK,2004,2001
AVL,1997,2000
SPS,2001,1997
ACT,2008,1993
ILM,2002,1988
PSC,1988,1987
HLN,2008,1986
GTR,2003,1985
AVP,1989,1983
AVL,1996,1982
AZO,2002,1981
EKO,2005,1981
MOT,1990,1979
FAT,1996,1978
CHO,2006,1967
MLI,2000,1962
MBS,2002,1956
BMI,2003,1954
IDA,1990,1952
CMI,2003,1948
EUG,2001,1945
BZN,1998,1944
AVP,1997,1944
DHN,2005,1943
PIA,1990,1933
SWF,1998,1932
STT,1996,1931
GNV,2007,1927
DLH,2001,1922
DLH,1993,1921
AVP,1991,1919
ERI,1990,1919
GNV,1991,1917
SWF,1990,1916
MSO,2001,1912
ELM,1989,1912
FLG,2007,1911
RST,2003,1910
MOT,1989,1909
AGS,1998,1907
MSO,1994,1907
MGM,1998,1906
BLI,1990,1903
ORH,1992,1903
BGM,1991,1899
MSO,2002,1896
TOL,1998,1895
MOT,1988,1886
MLI,1999,1884
LSE,2002,1879
GCN,1988,1876
BRO,2005,1876
JAC,1991,1872
FLG,2008,1871
MSO,2000,1865
FCA,2003,1865
MFR,1990,1865
CHA,2001,1862
DLH,1992,1860
CHO,1990,1856
GNV,2006,1856
BZN,2000,1856
PIH,2004,1855
BIS,2003,1846
SPN,1990,1837
SPS,2008,1834
CMI,2001,1829
FAY,1997,1829
MSO,1996,1829
RDD,2005,1828
FAT,1997,1825
MSO,1997,1824
PIH,2007,1824
HTS,1990,1824
MSO,1998,1823
PIH,2006,1822
CHO,1988,1822
SJT,2007,1822
MSO,1995,1822
EKO,2007,1819
DHN,2003,1818
FSM,2004,1814
TWF,2008,1813
DLH,1995,1813
SGF,1998,1812
EVV,1991,1808
SWF,2003,1807
DAB,2001,1807
PIH,2003,1806
OAJ,1988,1805
ERI,1991,1804
HLN,2007,1803
MRY,2002,1803
AZO,1997,1802
FSM,2006,1799
MLB,1999,1796
TXK,2003,1796
AVP,1998,1795
TOL,2002,1793
RDD,2007,1793
GNV,1996,1787
DLH,1996,1786
SJT,2006,1786
CLL,2007,1785
AVL,1998,1783
CAE,2002,1783
CWA,2007,1773
PUB,1990,1773
FAY,2004,1773
PIA,2001,1770
FAY,2003,1770
MOT,1992,1768
YUM,1988,1766
MFE,1990,1763
CSG,2005,1763
DLH,1994,1762
MOT,1991,1761
SMX,2007,1761
SGF,1993,1759
SMX,2006,1756
LSE,2001,1756
OXR,2004,1755
CLL,2006,1753
MCN,2003,1753
SGF,1994,1753
CMI,2002,1752
OXR,2003,1750
SPI,2006,1750
LNK,2003,1746
DHN,2006,1746
DLH,1991,1745
FAR,2001,1745
SPI,2007,1745
SGF,1996,1744
DLH,1990,1741
MCN,2004,1740
EVV,2001,1738
TYR,2006,1737
TXK,2001,1737
BRO,2003,1736
GGG,2001,1733
GUM,1988,1733
FLG,2006,1729
BPT,2001,1728
VPS,2001,1727
LSE,1988,1725
EKO,2006,1724
TRI,1997,1723
MFE,1989,1721
OXR,2005,1721
AVP,1999,1719
BRO,2004,1719
SGF,1997,1718
BFL,1990,1713
MLI,1998,1711
SCE,2004,1709
CRW,1997,1707
SGF,1990,1706
JAC,1990,1706
JAC,1994,1703
BZN,1999,1702
SGF,1992,1701
IDA,1993,1701
YUM,1989,1700
CWA,1988,1698
LEX,2002,1697
ORH,1991,1696
FLG,1992,1690
MFE,1988,1689
JAC,1988,1684
RDD,2008,1682
SMX,2008,1681
IDA,1992,1680
LSE,2006,1679
SBA,1999,1677
KOA,2002,1671
JAC,1989,1669
BFL,2001,1669
MLB,2001,1663
PIH,2008,1659
CRW,1996,1658
YUM,1990,1658
BZN,2001,1658
LSE,2003,1651
CRW,1998,1649
AZO,1999,1648
CHO,1989,1647
HLN,2006,1641
MLI,1995,1641
ROA,2001,1640
DHN,2007,1639
EYW,2002,1636
BZN,2002,1634
PUB,1989,1634
JAC,1997,1623
OXR,2006,1608
BLI,1989,1605
JAC,1998,1605
TYR,2007,1604
MLI,2002,1603
YUM,1991,1602
BPT,2003,1601
MOT,1993,1600
BRO,2007,1593
LCH,2004,1593
BGR,1995,1589
AVL,2001,1586
TYR,2008,1585
LSE,2005,1584
AVL,2000,1584
EKO,2008,1580
FCA,2000,1580
LSE,2004,1580
HTS,1991,1579
FCA,2001,1579
MEI,2003,1578
SGF,1995,1575
CAK,1995,1574
MLU,2001,1574
LRD,2002,1574
CMI,1989,1573
EVV,2002,1573
EFD,2003,1572
ERI,1992,1565
AZO,1998,1560
SUX,1992,1554
JAC,1996,1553
DRO,2003,1549
FCA,2002,1549
FAY,2006,1548
LCH,2003,1546
EGE,2005,1543
BFL,1991,1541
BGM,2004,1541
PMD,1990,1540
MFR,2000,1539
ELM,1990,1533
MLI,1997,1530
AVP,2000,1524
BQN,2008,1519
DLH,1989,1518
DLH,2004,1518
LYH,1988,1502
CAK,1994,1502
LRD,2001,1501
PHF,1994,1500
SUX,1991,1496
SGF,1991,1495
BGM,1992,1495
CSG,2008,1481
VLD,2003,1481
TLH,2001,1480
SBA,1995,1480
TOL,2008,1478
TLH,2002,1478
SPN,1989,1475
GNV,1995,1473
LGB,1996,1470
FAY,1998,1470
BRO,2008,1464
MFR,1993,1463
BTM,2004,1461
PSC,1997,1460
PSC,1996,1459
DLH,1997,1458
PSC,1998,1456
SCE,2003,1455
PSC,2000,1454
ERI,1995,1454
ERI,2001,1454
PSC,1995,1454
PUB,1991,1453
AGS,1999,1452
MLB,2000,1452
ABY,2003,1449
PIA,1993,1448
AVP,2001,1446
DAB,2002,1444
PSC,1999,1443
ERI,2000,1440
ISO,1988,1439
ELM,1994,1438
PIA,2002,1438
GJT,1990,1436
FAY,2005,1434
BMI,2001,1434
SIT,1991,1433
IDA,1991,1432
BGM,1994,1432
SBA,1998,1430
BIS,1997,1429
ELM,1991,1429
SIT,1993,1429
ERI,1994,1428
BIS,2002,1427
ERI,1993,1426
FWA,1998,1426
TRI,2006,1426
ERI,1996,1425
JAC,1995,1424
BIS,1996,1424
SCK,1988,1423
BQK,2003,1423
AVL,1999,1423
GNV,1994,1423
BIS,2000,1422
BGM,1995,1422
BIS,1999,1421
ABY,2004,1420
SIT,1992,1420
BIS,1995,1417
CAK,1993,1416
GJT,1989,1415
DBQ,2007,1415
FAY,2000,1414
GFK,1995,1414
MOD,2005,1413
BIS,1998,1413
FAY,1999,1412
MFR,1994,1412
MOD,2004,1410
DBQ,2006,1410
DBQ,2005,1408
ITH,2000,1407
ELM,2000,1406
ERI,1997,1405
GGG,2002,1404
TRI,1998,1404
GFK,1992,1403
LNK,2001,1402
BIS,1994,1402
ERI,1998,1402
LGB,1995,1401
GTR,2004,1400
VLD,2004,1400
BET,2002,1399
ERI,2008,1399
LCH,2006,1399
SBA,1997,1399
CSG,2007,1398
DHN,2008,1397
ELM,1995,1392
LSE,1995,1392
CIC,2008,1392
CPR,1988,1391
ABY,2005,1390
FNT,1998,1390
SBA,1996,1390
TXK,2005,1390
BIS,2001,1389
GFK,1993,1386
GFK,1994,1386
SIT,2002,1386
CHO,2007,1386
ELM,1992,1385
GCN,1989,1383
MOD,2003,1383
ELM,1993,1382
SIT,1990,1380
SIT,2001,1379
BGM,1996,1378
BGM,1993,1378
BTM,2003,1377
DLH,1988,1377
SIT,1994,1376
AVP,2002,1375
MRY,1993,1375
CIC,2007,1374
SBN,2006,1372
GFK,1996,1372
MFR,2001,1371
GFK,2008,1371
SIT,1988,1371
ERI,1999,1371
BQN,2007,1370
ABY,2006,1369
CHA,1996,1368
CLL,2008,1367
FNT,1988,1367
GFK,1991,1367
SWF,1999,1366
TRI,1999,1360
MFR,1998,1359
CHA,1997,1359
ERI,2007,1358
OXR,2007,1358
MRY,1994,1357
GNV,1997,1356
GCN,1990,1355
SIT,1989,1354
MFR,1992,1353
YUM,2003,1351
LSE,1990,1349
DBQ,2008,1349
EAU,1988,1348
HVN,1992,1344
HTS,2005,1344
MFR,1995,1342
PUB,1988,1342
SIT,2007,1340
MLB,2002,1338
BTM,2005,1337
COD,2007,1336
ELM,2008,1336
LSE,1989,1336
MLI,1996,1336
CSG,2006,1335
RAP,2001,1335
SIT,1996,1335
ELM,1997,1332
SBN,2001,1332
SIT,2008,1332
SIT,2004,1332
ITH,1997,1331
SIT,1999,1330
HTS,1994,1330
STX,1994,1330
PSC,1994,1329
COD,2006,1328
GTR,2005,1327
SIT,2006,1326
SIT,1997,1325
ELM,1998,1325
ITH,1998,1325
SIT,1998,1323
MFR,1991,1322
ELM,1996,1321
DBQ,2001,1321
PFN,1995,1320
CRW,1999,1319
SJT,2008,1316
LSE,1992,1313
ABY,2007,1312
SIT,1995,1311
VPS,2000,1310
SIT,2000,1310
ELM,1999,1306
ITH,1999,1306
CCR,1990,1303
BQK,2004,1303
PSC,1989,1302
HLN,2003,1301
MFR,1999,1300
IPL,2007,1300
YUM,2004,1299
IDA,1995,1298
SIT,2003,1296
MEI,2005,1293
OXR,2008,1292
HTS,1993,1292
BQK,2005,1290
CCR,1988,1289
SWF,2002,1289
PIA,1992,1289
GGG,2003,1289
PFN,1994,1289
EVV,1993,1285
CCR,1989,1285
LCH,2005,1283
BFL,1988,1281
EGE,2004,1280
EGE,1998,1280
FNT,2000,1279
VLD,2005,1278
SWF,2000,1278
SIT,2005,1277
RAP,2000,1275
CIC,2006,1275
GUC,2007,1273
MGM,1999,1271
GFK,1990,1267
OAJ,1989,1264
TXK,2002,1264
EVV,1992,1264
VPS,1988,1262
BGR,1996,1259
RAP,2002,1258
GJT,1991,1257
BGR,1997,1256
MFR,1997,1254
BQN,2006,1254
FCA,1999,1252
ITH,1989,1252
HTS,1992,1251
TXK,2008,1250
FNT,1999,1250
BPT,2005,1248
DLH,1998,1245
GUC,2006,1245
PFN,1993,1241
RAP,1994,1240
LSE,1991,1236
EUG,2002,1235
LFT,1989,1231
CWA,2006,1228
SPI,2008,1225
RAP,1996,1223
YUM,2005,1221
GFK,2007,1220
LFT,1988,1219
ATW,1988,1211
TXK,2007,1208
ITH,1996,1208
LSE,1994,1207
DLH,2003,1207
TRI,2007,1207
CHO,1991,1206
GFK,1997,1206
ELM,2007,1205
MRY,1995,1205
FCA,1997,1204
LCH,2007,1204
CEC,2003,1203
RAP,1999,1195
MFR,1996,1194
SWF,2001,1192
EGE,2000,1192
HLN,1993,1190
COD,2008,1188
MRY,1991,1185
OAJ,2008,1184
BGM,2003,1184
DBQ,2004,1180
IPL,2006,1180
BET,2003,1175
EVV,1994,1172
BGM,1997,1171
FNT,1989,1169
SPN,1988,1166
EGE,1997,1164
FAT,1998,1155
BET,2001,1153
TRI,2000,1152
GFK,1989,1146
CRW,2000,1146
VLD,2006,1146
LSE,1996,1146
BET,2006,1145
FNT,2001,1140
BET,2004,1139
BET,2005,1139
LFT,1990,1135
OAJ,2007,1134
GPT,1988,1130
EGE,1999,1129
DLH,1999,1129
IDA,1994,1128
GFK,1998,1128
MRY,1992,1126
HTS,2004,1126
RAP,1998,1121
SWF,2006,1119
PHF,1993,1119
RAP,1997,1117
DLH,2005,1115
LYH,1989,1114
TVC,2000,1111
MOT,2004,1110
LFT,1991,1108
MOT,2005,1108
FCA,1996,1106
BRO,1994,1105
GFK,1999,1105
MOT,2003,1104
FNT,1997,1101
EGE,2001,1101
STX,1996,1098
ACY,2004,1096
GGG,2005,1096
GGG,2006,1095
ABY,2008,1095
LYH,2003,1095
STX,1997,1095
BGR,1998,1095
HTS,2003,1095
MOT,1996,1095
OME,2005,1095
TXK,2006,1094
MOT,2002,1094
IDA,1996,1094
HLN,1995,1094
GGG,2004,1094
VPS,1995,1094
GPT,1999,1093
MOT,2001,1093
OME,2006,1093
EGE,2003,1093
GGG,2007,1093
VPS,1999,1093
MOT,1999,1092
CIC,2003,1092
VPS,1989,1091
MOT,1995,1091
MCN,2006,1091
MOT,1997,1091
OME,2008,1090
MOT,2006,1090
OTZ,2005,1089
CHA,1998,1089
OME,2007,1088
ATW,2003,1087
OTZ,2006,1087
CAK,1996,1087
ITH,1992,1087
CIC,2004,1086
OTZ,2007,1086
OTZ,2008,1086
VPS,1998,1085
ITH,1990,1085
MOT,2008,1085
MOT,1998,1084
PSC,1990,1084
MFR,2002,1083
PSC,1991,1083
OME,2002,1082
JAC,2002,1082
SCE,2005,1081
PSC,2001,1081
VPS,1992,1081
VPS,1993,1081
CPR,1990,1081
FNT,1990,1081
HVN,1995,1081
CMI,1991,1080
MOT,2007,1080
OTZ,2002,1080
PSC,1992,1079
GPT,2000,1079
VPS,1996,1079
ERI,2004,1078
ITH,1994,1078
CPR,1989,1078
ITH,1993,1077
VPS,1990,1077
EFD,2004,1077
ITH,1991,1077
RAP,1995,1077
HLN,1988,1076
HLN,1992,1076
VPS,1991,1076
CMI,1990,1076
FNT,1991,1076
HLN,1991,1075
CAK,1998,1075
CHA,2000,1075
CPR,1991,1075
DBQ,2003,1074
IYK,2003,1074
ERI,2005,1074
IDA,1997,1074
OME,2003,1074
VPS,1997,1073
HLN,1989,1073
YUM,1992,1073
VPS,1994,1073
EGE,2002,1072
OTZ,2003,1072
PFN,1992,1071
PHF,1988,1071
CDC,2003,1070
MEI,2004,1070
PSC,1993,1070
PHF,1989,1070
MQT,2007,1069
HLN,1994,1069
CAK,1997,1067
MOT,1994,1067
CPR,1993,1065
GFK,1988,1065
DBQ,2002,1064
OAJ,1990,1064
STX,1999,1064
CEC,2008,1063
CIC,2005,1062
HVN,1993,1062
CPR,1992,1062
PHF,1990,1060
STX,1995,1059
HVN,1994,1059
TVC,1996,1058
VLD,2007,1057
GPT,1990,1057
ITH,1995,1056
FLO,2003,1056
TVC,1995,1055
CEC,2007,1055
IYK,2004,1054
CAK,2000,1052
EYW,2007,1052
UCA,1990,1048
BGM,1998,1046
GCC,2008,1046
BLI,1988,1045
OME,2004,1045
BET,2007,1044
IYK,2005,1042
BGM,2005,1042
LYH,2004,1041
FLO,2004,1040
AZO,2000,1039
CSG,1990,1039
LSE,1993,1038
TVC,1997,1037
ACY,2005,1037
APF,2005,1037
ISO,1989,1037
BET,2000,1036
BET,2008,1035
GPT,1989,1035
TOL,1999,1035
BGM,1999,1035
CSG,1988,1034
OAJ,1994,1033
CSG,1994,1032
DLH,2000,1031
VCT,2004,1031
BET,1999,1030
LYH,2006,1027
GUM,1993,1027
LYH,2005,1025
CSG,1993,1025
BRW,1995,1024
OAJ,1991,1024
OAJ,1992,1024
HVN,2005,1024
OTZ,2004,1023
GFK,2000,1023
OTZ,1995,1022
PHF,1991,1022
OAJ,1993,1020
PHF,1992,1020
CEC,2004,1019
GCN,1991,1018
FCA,1995,1018
CAK,1999,1018
MQT,2005,1017
PHF,1995,1016
GPT,2002,1015
LFT,1992,1015
BLI,1991,1015
DLH,2006,1015
CSG,1991,1014
CSG,1992,1014
OME,1995,1013
OTZ,1992,1013
UCA,1988,1010
OME,2001,1010
CEC,2006,1009
EYW,2008,1009
UCA,1991,1008
LIH,2002,1008
BRW,1996,1008
OME,1991,1008
OME,1992,1008
SCE,2006,1007
CHA,1999,1007
UCA,1989,1006
GTR,2007,1006
FCA,1998,1006
MOT,2000,1006
HLN,1996,1005
CSG,1989,1004
IYK,2006,1002
ROP,1991,1001
TVC,1998,1001
CDC,2005,1001
CEC,2005,1001
PSE,2007,1001
LCH,2008,1000
BQK,2006,1000
HHH,2007,997
EYW,2006,997
ORH,2001,997
OME,1990,994
AGS,2000,993
BQK,2007,993
MCN,2007,992
MQT,2008,991
MGM,2000,991
OME,1988,990
FNT,2002,990
IPL,2008,989
DRO,1990,988
OME,1996,988
STX,1998,985
COD,2004,985
BET,1998,984
MQT,2006,983
IYK,2007,981
BET,1995,981
AVL,2002,980
GGG,2008,978
OTZ,2001,977
OTZ,1993,976
MEI,2006,976
MCN,2005,975
OME,1993,973
CSG,1995,971
TVL,1989,969
EYW,2005,969
BGM,2007,966
ELM,2001,966
FLO,2005,966
ITH,2001,966
GFK,2004,964
SCC,1992,964
GTR,2008,964
TVC,1999,962
COD,2005,962
ROW,2008,961
EGE,1996,960
TVL,1988,959
BRW,2000,959
GUC,2008,959
BFL,1989,958
IYK,2008,958
OTZ,1994,956
OME,1994,956
SCK,1989,955
RKS,2008,954
BRW,1999,952
BET,1997,951
OME,1997,951
CAK,2001,950
OME,1989,947
BRW,1998,946
GJT,1992,944
PIA,1991,944
OME,2000,940
VLD,2008,938
GFK,2002,938
OTZ,1997,936
OTZ,1996,935
OME,1998,934
ACY,1991,934
HDN,2005,933
OTZ,1991,926
BQK,2008,925
OME,1999,923
BRW,1997,922
HLN,1990,919
BET,1996,916
ITO,2000,914
DRO,1991,910
STX,2001,908
OTZ,1988,906
TOL,2000,901
BMI,2002,901
OTZ,1990,901
GFK,2003,898
VCT,2003,896
OTZ,1998,894
ERI,2006,892
OTZ,1999,890
TVL,1990,888
SCK,1990,888
TVC,1994,885
OTZ,2000,882
LYH,2007,877
OTZ,1989,875
FNT,1992,869
VIS,2003,869
BRW,2001,868
SPN,1993,867
GPT,2001,867
AVP,2003,865
LSE,1997,864
JAC,2000,863
HVN,1991,851
HLN,1997,851
HLN,1999,850
HLN,1998,849
HLN,2001,848
CHA,2002,842
COD,2003,839
GTR,2006,838
FCA,1992,837
HHH,2008,836
FCA,1991,835
FCA,1994,830
FCA,1993,828
CRW,2001,827
BET,1994,827
MQT,2004,826
HDN,2004,825
GFK,2005,823
CHO,2008,823
BTM,2007,819
JAC,2001,819
GFK,2006,818
IDA,1998,817
JAC,1999,810
EYW,2003,809
TTN,2007,808
APF,1988,807
PFN,1991,803
BTM,2006,797
APF,2006,796
BGM,2000,796
HLN,2002,795
EWN,2008,791
BQN,2005,790
PIE,1988,768
ACY,2006,765
ACY,1992,763
ACY,1990,760
CDC,2004,758
PSE,2008,755
DRO,1989,751
BRW,2002,751
TUP,2006,749
IPL,2003,744
BET,1993,739
DUT,2002,738
ACY,1993,738
SCC,1994,737
ACY,2007,735
BQN,1995,734
KOA,1999,733
STX,2000,732
KOA,1998,732
MRY,1996,731
STX,2002,731
IPL,2005,730
FLO,2006,730
EFD,1990,730
KOA,1997,729
CDV,2004,728
BGM,2008,728
PSG,2004,728
BRW,2008,728
PMD,2008,728
YAK,2004,728
ADQ,2000,728
CDV,2000,728
PSG,2000,728
WRG,2000,728
YAK,2000,728
WRG,2004,727
PSG,2008,727
WRG,2008,727
SCC,2008,727
ADQ,2004,727
GPT,1991,726
YAK,2002,726
PSG,2003,726
WRG,2003,726
BRW,2007,726
CDV,2005,726
YAK,2003,726
CDV,1995,726
CDV,2006,726
PSG,2005,726
WRG,2005,726
CDV,1996,726
CDV,2007,726
PSG,2006,726
WRG,1995,726
WRG,2006,726
YAK,2005,726
ADQ,1998,726
ADQ,2001,726
PSG,1996,726
PSG,2007,726
WRG,1996,726
WRG,2007,726
YAK,1995,726
YAK,2006,726
ADQ,2002,726
SCC,2007,726
YAK,1996,726
YAK,2007,726
ADQ,2003,726
CDV,1999,726
CDV,2002,726
PSG,1998,726
PSG,2001,726
WRG,1998,726
WRG,2001,726
CDV,2003,726
PSG,1999,726
PSG,2002,726
WRG,1999,726
WRG,2002,726
YAK,1998,726
YAK,2001,726
YAK,1999,725
PSG,1995,725
CDV,2008,725
ADQ,1999,725
CDV,2001,725
YAK,2008,725
LWS,2006,725
CDV,1997,724
BRW,2003,724
MRY,1997,724
PSG,1997,724
WRG,1997,724
YAK,1997,724
MRY,1998,722
FCA,1988,722
FNT,1993,721
PSC,2002,721
HDN,1997,721
CDV,1998,720
ADQ,1997,719
BTM,1988,718
ISO,1990,718
HLN,2000,718
FCA,1989,717
KOA,1993,717
BTM,1990,717
MRY,1999,717
IPL,2004,716
FCA,1990,716
BTM,1991,715
BFL,1992,714
FNT,1994,713
CDV,1991,712
BTM,1993,711
SUX,1996,711
LYH,1990,711
YKM,1988,710
SUX,1995,710
PFN,1988,710
PMD,1991,710
BRW,2004,710
EVV,1995,709
PIA,1994,709
BTM,2008,708
KOA,1992,708
BTM,1992,707
ISO,2006,707
DUT,1999,706
LWS,2007,706
DRO,1988,706
ADQ,2008,706
BTM,1989,705
KOA,1994,705
KOA,1991,705
ATW,1989,701
CDV,1994,701
YAK,1994,699
BFL,1993,699
PSG,1991,699
WRG,1991,698
RDM,1988,697
CDV,1993,695
ISO,2005,695
RFD,2007,694
YAK,1993,693
CDV,1992,692
KOA,1989,692
HDN,1991,691
ADQ,2007,691
SUX,2000,691
CDV,1990,691
SUX,1999,691
BQN,1994,691
HDN,2000,691
EGE,1995,690
DUT,2003,689
BRO,1995,687
SUX,1998,687
SUX,1997,686
KOA,1990,686
ISO,1991,685
YAK,1991,682
BRW,2006,682
WRG,1993,680
TVC,1991,680
WRG,1990,680
PSG,1993,679
PSG,1990,678
MEI,2007,678
SCE,2007,677
CDV,1989,677
TVC,1992,675
DUT,1998,675
MEI,2008,674
TTN,1992,674
WRG,1994,673
WRG,1992,672
TVC,1993,672
BRW,1994,672
PSG,1992,671
LFT,2002,671
YAK,1992,671
PSG,1994,670
VIS,2004,669
LWS,2005,669
CDC,2008,668
BRW,2005,666
WRG,1988,666
ADQ,2005,665
PSG,1988,664
ROP,1992,663
CDV,1988,663
DUT,2000,662
YAK,1990,661
SCC,1991,658
BGM,2006,658
HVN,2004,655
FLO,2007,655
ACY,1989,654
LWS,2008,652
MCN,2008,652
LSE,1999,651
ORH,1993,648
BET,1992,646
DUT,1996,646
YAK,1989,645
SCE,2008,645
BQN,1993,644
HDN,2003,643
HDN,1998,642
HTS,2006,641
EYW,2004,641
PSG,1989,639
YAK,1988,638
WRG,1989,638
DRO,1992,638
HDN,2002,635
SCC,1995,632
HDN,1989,631
LSE,1998,631
STX,2003,630
LYH,2008,625
ACY,1994,620
HTS,1995,615
FLO,2008,615
DUT,1997,612
KOA,1988,612
HDN,1999,611
TUP,2005,609
DUT,2001,608
CMI,1992,607
HKY,2005,606
TUP,2007,603
ADQ,2006,602
EWN,2007,601
HDN,1996,601
BRO,1996,600
HDN,2001,595
BET,1991,593
HDN,1990,589
BET,1990,589
SCC,1999,588
BLI,2007,588
SUX,1993,587
BET,1988,584
PSE,2006,578
KOA,1996,576
RFD,2006,576
BET,1989,574
LIH,1988,571
SPI,1992,571
GFK,2001,568
GJT,1993,565
EGE,1994,563
SCC,2006,561
BQN,2004,561
SCC,1988,557
HDN,1995,556
APF,2007,555
SCC,1993,549
DRO,2005,548
TRI,2001,548
EGE,1993,546
HDN,1994,539
PIA,1999,537
SUX,2007,534
ADQ,1996,533
SCC,1990,533
FAY,2001,532
SCC,1989,529
TVC,1990,529
LFT,1997,524
VCT,2005,518
SCC,1998,517
OTH,2008,515
HDN,1993,514
PLN,2007,512
LMT,2008,511
ROR,1989,510
ADQ,1995,504
SLE,2008,486
STX,2007,479
STX,2005,479
SCC,2002,477
AKN,1995,475
BFL,1994,473
BRO,1997,472
HDN,1992,471
ALO,1996,469
PIE,2005,467
SCC,2001,466
ACK,2008,457
DRO,2004,457
AKN,1997,456
KOA,1995,455
ILG,2007,455
VIS,2005,455
BFL,1995,455
HDN,1988,453
AKN,1996,453
ACY,1988,447
FWA,2000,445
LSE,2000,439
STX,2008,436
FWA,1999,432
AKN,1998,431
EAU,1989,426
BRW,1993,424
ADQ,1994,423
DLG,1997,417
YKM,2007,410
BLI,2006,409
ROR,1992,408
STX,2004,407
SCC,2003,404
LIH,1999,403
AKN,1994,400
SLE,2007,398
DLG,1998,397
MKG,2008,396
PMD,2007,392
STX,2006,389
AKN,2005,389
BPT,2002,384
LFT,1996,383
SCC,2000,382
AKN,2004,380
DUT,1995,379
CHO,1992,378
BGM,2001,376
OAJ,1995,369
ROR,1988,368
DLG,1995,367
BPT,2006,367
FAT,2000,366
BPT,2007,364
FAT,1999,364
AKN,2006,364
APF,2001,364
SCC,1996,363
BRO,1998,362
SCC,1997,362
ROR,1991,360
CDC,2006,359
ROR,1990,358
ITO,2003,357
AKN,1993,356
SCC,2004,356
LIH,1991,354
DRO,2002,354
LIH,1990,353
DLG,1996,351
EYW,1991,349
GUC,1990,348
BFL,1996,347
AKN,2003,347
LIH,1989,347
SPI,1993,344
SBN,2002,343
AKN,1999,343
MRY,2000,341
YKM,2008,340
EGE,1992,336
MTJ,2002,334
WYS,2003,333
EGE,1991,332
DUT,1994,332
SCC,2005,331
AKN,1992,330
CAK,2002,327
AKN,2000,324
ALO,2008,323
AKN,2002,322
RDM,1989,319
CMX,2008,318
DLG,1999,317
UCA,1992,315
ADQ,1993,315
LIH,1992,314
ACK,2007,314
MQT,2003,311
ILG,2006,310
CMX,2007,309
DLG,1992,309
GUC,1993,308
DLG,2002,308
DLG,1994,308
DLG,1993,305
DLG,2000,302
MTJ,1999,300
SPI,2005,300
ALO,2007,300
MQT,2001,299
BQN,2003,294
SUX,1994,290
RFD,2008,290
ISO,1992,288
HVN,1996,286
PUB,1992,286
YAP,1989,285
AKN,2001,284
ORH,2002,284
DLG,2003,283
MLU,2002,283
HTS,2007,279
BPT,2008,276
LFT,1993,275
GPT,1998,274
TEX,2006,273
SUX,2001,273
BRW,1992,273
CPR,1994,268
PIE,1989,267
MQT,2002,267
ATW,1990,266
WYS,2007,266
WYS,2005,265
WYS,2008,264
DLG,2001,264
WYS,2006,264
PLN,2008,264
MTJ,2001,263
BQN,2001,259
GUC,1989,259
TVL,1991,257
EFD,1991,254
BRO,2001,254
ROP,1990,254
BFL,1997,251
DLG,2004,251
BRO,2002,249
FNT,1995,248
LFT,1994,248
BQN,1996,247
BQN,2002,246
GUC,1995,243
ACK,2004,242
WYS,2004,240
BFL,1998,239
BFL,1999,239
DLG,2005,237
GUC,1996,236
YAP,1988,235
AKN,2007,235
ACK,2006,235
ROW,2007,235
YKM,1989,234
DUT,1993,234
GUC,2005,233
GUC,2003,229
LNY,2004,228
MKK,2004,227
ACK,2005,227
PSE,1993,226
GUC,2001,225
GJT,1994,224
RHI,2007,223
GUC,1998,222
GUC,2000,221
RHI,2008,221
GUC,1991,219
INL,2007,218
DLG,2006,217
TEX,2007,216
CCR,1991,214
GUC,1999,213
GUC,2002,212
GUC,1992,212
GUC,1994,208
FNT,1996,207
LIH,1998,205
BRO,1993,202
MTJ,1998,202
TVC,1989,201
GUC,1997,199
MTJ,2000,198
PSE,2005,197
SOP,2007,195
LWB,2006,194
TEX,2008,194
ACK,2003,193
LWB,2003,193
LWB,2007,187
BLI,1992,186
LWB,2008,185
BTM,1994,183
CWA,2005,182
BGR,1999,180
LWB,2005,178
DLG,2007,175
LWB,2004,170
GUC,2004,169
LFT,1998,160
HTS,2008,158
MTJ,1997,156
EGE,1990,156
TTN,1991,154
GUC,1988,153
APF,2004,140
YAP,1990,139
DRO,2001,138
ANI,1994,138
ROR,1993,133
KSM,1994,133
KSM,1995,133
ANI,1995,133
ITH,2008,132
ACY,2003,132
BJI,2007,128
MTH,2007,128
SOP,2006,124
SUX,2008,122
BLI,2008,120
MAZ,2001,119
DRO,2000,118
ACY,2008,116
DLG,2008,116
AKN,2008,116
ALO,1988,116
APF,1989,114
DRO,1999,112
RDM,1990,112
DRO,1998,110
DRO,1996,109
DRO,1997,105
GST,1998,105
SPN,1995,105
ADK,2004,104
ADK,2006,104
ADK,2007,103
ADK,2008,102
ADK,2005,102
DRO,1995,102
GST,1999,98
GST,1995,98
ANI,1993,97
GST,1994,96
KSM,1993,95
BRO,1999,93
GST,2004,92
GST,1996,91
GST,2000,91
GST,2001,91
GST,2002,91
GST,2003,91
GST,2007,90
GST,1997,90
MIB,2000,89
GST,1993,88
GST,2005,88
GST,1989,87
GST,1990,86
GST,1988,86
GST,2008,85
LWB,1997,85
LWB,1992,85
ADQ,1992,85
GST,2006,85
LWB,2000,82
GST,1991,81
LWB,1999,81
LWB,1996,80
GST,1992,79
LWB,2001,77
LWB,1998,76
PIA,1995,76
BJI,2008,74
ADK,2003,74
COD,1993,74
INL,2008,72
EAU,2007,72
COD,1994,68
SUN,1990,66
PSE,1994,65
KSM,1996,64
ANI,1996,64
OAJ,2006,62
PSE,1990,61
ERI,2003,61
LNY,2003,61
MTJ,1996,61
MKK,2003,61
BRO,2000,55
DUT,2004,55
TTN,2006,51
LIH,1993,48
RDR,2001,46
MTJ,1995,45
SPN,1996,44
ANI,1992,43
HKY,2006,42
KSM,1992,42
ACK,1995,40
ROP,1989,39
MAZ,2002,30
SPI,1991,28
ACK,1996,25
TWF,1995,23
ACK,1998,22
ACK,1994,22
ERI,2002,20
RDD,1988,19
ACK,1993,19
ACV,1988,19
PIA,2000,18
MTJ,1994,18
BQN,2000,17
DRO,1994,17
ACK,1997,16
SUN,1989,15
PFN,1989,15
BQN,1991,13
EGE,1989,11
MTJ,1993,11
TUP,2008,10
ISO,2007,9
SPN,1994,7
LFT,2000,7
CKB,2004,6
TWF,1994,6
PIR,2008,5
LWB,1995,4
OGD,2004,4
PIR,2007,4
PUB,2004,3
AGS,2002,3
HVN,2006,3
LFT,1999,2
MTJ,1992,2
SPI,1994,2
ABI,1989,2
PUB,2008,2
FMN,2003,2
GLH,2007,2
LFT,1995,2
ROP,1988,1
OGD,2003,1
CYS,2005,1
BFF,2003,1
OGD,2005,1
ACY,2001,1
MKC,2007,1
CKB,2005,1
CKB,2006,1
MKK,1998,1
SUX,2002,1
BFI,1988,1
FMN,2004,1
PVU,2004,1
SUX,2003,1
CYS,2003,1
PVU,2005,1
