TOTAL_DELAY,2007,111483261
TOTAL_DELAY,2006,97360769
TOTAL_DELAY,2008,95852748
TOTAL_DELAY,2005,86753693
TOTAL_DELAY,2004,83354494
TOTAL_DELAY,2000,80473106
TOTAL_DELAY,1999,67368277
TOTAL_DELAY,1996,66780780
TOTAL_DELAY,2001,62889011
TOTAL_DELAY,1998,61962623
TOTAL_DELAY,2003,60496858
TOTAL_DELAY,1997,58888401
TOTAL_DELAY,1989,55867230
TOTAL_DELAY,1995,54604785
TOTAL_DELAY,1990,52677618
TOTAL_DELAY,1988,49289945
TOTAL_DELAY,2002,48083206
TOTAL_DELAY,1994,46369035
TOTAL_DELAY,1993,44179567
TOTAL_DELAY,1991,42442367
TOTAL_DELAY,1992,42071747
ORD,2007,8077342
ORD,2006,7767621
ORD,2008,7312133
ATL,2005,7003307
ORD,2004,6922824
ATL,2006,6512969
ATL,2007,6234618
ATL,2008,6172991
ATL,2004,6107628
ORD,2000,5722938
ORD,2003,5110859
ORD,2005,5011169
DFW,2007,4757478
ORD,1999,4550148
ORD,2001,4531021
EWR,2007,4279440
ATL,2003,4093515
ORD,1996,4065492
ORD,1989,4012764
EWR,2006,3915029
DFW,2004,3691699
DFW,2008,3656249
EWR,2008,3656173
ORD,1998,3629266
ORD,2002,3627722
DFW,2006,3564982
EWR,2005,3531987
LAX,2000,3495276
ATL,1997,3398524
ATL,1999,3388987
ORD,1997,3260560
ATL,2000,3251807
DEN,2007,3235425
DFW,2005,3220757
ATL,1996,3215594
ORD,1988,3200043
ORD,1990,3157209
ORD,1993,3146528
ORD,1995,3131303
ATL,1990,3128665
SFO,2000,3022358
DFW,2001,2967635
LAX,2007,2947670
SFO,1998,2943922
IAH,2006,2913730
JFK,2007,2894067
ATL,1998,2883766
DEN,2008,2875997
DFW,1996,2855935
EWR,2004,2833889
LAX,2006,2806721
DFW,2000,2791353
PHX,2000,2780802
LGA,2007,2756692
LAX,1996,2729261
DFW,2003,2712258
LAX,2008,2706298
SFO,2008,2684735
DTW,2007,2665081
ATL,1995,2658268
DEN,2006,2651656
ATL,2002,2644886
DFW,1990,2635003
ATL,2001,2620719
ORD,1992,2616140
ORD,1991,2602925
LAX,2001,2580080
DFW,1994,2578921
DFW,1995,2575754
IAH,2007,2552422
DFW,1999,2538013
DFW,1993,2519267
LGA,2006,2510940
SFO,1996,2496318
MSP,2007,2466501
DFW,1997,2456682
LGA,2008,2414567
PHX,2007,2405704
IAH,2008,2405095
SFO,2007,2400247
LAX,1995,2387427
JFK,2008,2383797
SFO,1999,2382162
LAX,1999,2370072
ORD,1994,2362666
LAX,2005,2344977
DEN,2000,2327616
PHX,1998,2325630
LGA,2005,2322711
DFW,2002,2317360
LAX,1998,2312668
STL,1996,2307621
DFW,1991,2306142
EWR,2003,2286010
EWR,1999,2282395
LAS,2007,2278815
LAS,2006,2273522
DFW,1992,2271906
EWR,1996,2248570
LGA,2000,2247076
ATL,1988,2228385
LAX,1997,2222940
ATL,1993,2208990
LAX,2004,2193523
SFO,2006,2185294
STL,1998,2179868
STL,2000,2164652
EWR,2000,2163196
PHX,1999,2161546
PHX,2006,2161440
BOS,2007,2159777
BOS,2006,2137923
DFW,1989,2133485
ATL,1994,2122937
LAS,2000,2115253
ATL,1989,2110657
IAH,2004,2107236
LAS,2008,2098467
IAH,2005,2066615
PHL,2005,2057141
PHL,2007,2037492
SFO,1989,2034571
STL,1995,2032705
DFW,1998,2025614
CVG,2004,2024585
ATL,1992,2012545
JFK,2006,2011087
PHX,2008,2007845
PHL,2000,1978080
LAS,2005,1974162
DEN,1993,1957738
BOS,2000,1938770
EWR,1998,1925942
BOS,2005,1924707
PHX,1996,1921185
LAS,2004,1906782
DTW,2008,1897129
STL,1997,1890909
PHX,2001,1886310
STL,1999,1879352
SFO,1997,1860919
PHL,2006,1858298
SFO,2005,1857013
DEN,1988,1853193
CLT,2007,1842381
BOS,2008,1840325
LAX,1989,1829614
LGA,2004,1828590
EWR,1994,1823713
PHL,2004,1810164
SFO,1995,1804355
EWR,1997,1778265
CVG,2005,1776497
DEN,2005,1757745
MCO,2007,1753449
EWR,1993,1746898
ATL,1991,1739965
SFO,2001,1737128
DTW,2000,1731456
DTW,1998,1728461
PHX,2004,1720558
LAX,1990,1717985
LAX,1991,1717315
PHX,1997,1716675
PHL,1999,1715783
DTW,1997,1711966
SEA,2007,1697652
SEA,2000,1694830
MCO,2008,1689995
PHX,2005,1684677
EWR,1988,1671813
DTW,2005,1668032
PHL,2008,1667703
JFK,2005,1665997
DTW,2006,1665929
SFO,1988,1653115
DFW,1988,1648089
LGA,1989,1644115
MSP,2005,1639000
EWR,1990,1629909
EWR,1989,1627755
SFO,1991,1626831
IAD,2004,1623327
DTW,1999,1621083
DEN,1989,1617921
LAX,2003,1613927
BOS,2001,1608236
MSP,2008,1608041
DEN,1990,1602875
DTW,1996,1595425
BOS,1999,1585373
SFO,2004,1583948
SLC,2007,1582482
SFO,1990,1580277
PHX,1995,1575328
LAS,1998,1573080
LAS,1999,1572025
EWR,2001,1561696
MSP,2000,1560100
BOS,2004,1547525
IAH,2003,1540970
LGA,1999,1539689
LAX,1992,1536486
PHL,2001,1529371
IAH,2000,1514070
SEA,2006,1514042
MSP,1996,1511500
CLT,1989,1505479
MSP,1997,1502663
LAX,1988,1493885
MCO,2005,1492662
STL,2001,1489318
MSP,2004,1486336
LAS,1996,1485678
LAX,1994,1485588
EWR,1992,1480691
MSP,2006,1477162
SEA,2001,1476059
SEA,2005,1475638
DEN,1992,1469075
DEN,1998,1466163
SEA,1996,1465706
LAX,2002,1461175
IAD,2007,1459180
SEA,1999,1458688
MSP,1998,1450921
DEN,1991,1440082
CLT,2006,1438032
IAH,1999,1434684
LGA,2001,1434194
DTW,2004,1431549
MCO,2000,1429404
DEN,1994,1427840
DEN,2001,1424333
IAD,2005,1423492
IAD,2006,1422680
LAX,1993,1421671
LAS,2001,1420526
DEN,1999,1412714
DEN,2004,1412317
DEN,1996,1406005
CLT,2008,1405378
SEA,2008,1405229
CVG,2007,1395508
BOS,1998,1384886
DEN,1997,1375859
LGA,1990,1374648
PHX,2003,1374394
PHX,2002,1373610
MSP,1999,1364162
PHL,1998,1362922
BWI,2007,1362595
PIT,1989,1356148
CLT,2000,1355088
BOS,1996,1354641
EWR,1995,1354166
IAH,1998,1331944
MCO,2006,1331834
DTW,1995,1331005
SEA,1998,1322808
STL,1988,1317603
SLC,2005,1316678
PHX,1990,1314969
LGA,2003,1301609
PHX,1989,1300431
BOS,1993,1297062
LGA,1988,1296173
DTW,2001,1296091
MSP,2001,1289430
SLC,2006,1289289
BOS,1994,1281188
SLC,2008,1277263
DCA,2007,1274187
PIT,1992,1267569
LAS,1997,1265699
IAH,1997,1264890
SEA,2004,1262526
STL,1989,1252570
BWI,2000,1247885
SFO,1993,1244949
SFO,2003,1243207
STL,1994,1243096
SLC,2004,1242904
CLT,1996,1237923
DEN,1995,1233462
PHL,2003,1231489
PIT,2000,1228962
MCO,2004,1228554
MCO,1999,1227004
LAS,2003,1225013
BOS,1997,1223837
MDW,2006,1223597
PIT,1996,1223298
DTW,1989,1223041
PIT,1988,1221052
SFO,1994,1218924
LAS,2002,1217011
MSP,2002,1215304
SLC,1996,1214171
BWI,2008,1211188
DTW,2002,1204931
BWI,2006,1203322
SEA,1997,1201057
IAD,2008,1197032
IAH,2001,1196399
IAH,1996,1194439
CLT,1999,1192921
PHX,1994,1192666
MSP,2003,1185812
LGA,1996,1183196
EWR,1991,1182124
LGA,1998,1175556
STL,1990,1171445
BWI,2005,1169800
BOS,1988,1157014
LAS,1995,1155790
CLE,2007,1152968
IAH,1995,1151884
JFK,2004,1149962
BOS,1995,1147830
PHX,1991,1145714
BOS,1990,1144557
MSP,1995,1142906
CLT,2005,1142585
PHL,1996,1141462
PHL,1997,1139657
MDW,2007,1134769
DCA,2005,1131393
DCA,2006,1131285
DTW,1988,1126946
CVG,2006,1125460
MEM,2007,1124866
BOS,1992,1121755
SFO,2002,1121280
PIT,1994,1121176
STL,2002,1119355
PHL,2002,1119210
CLE,2006,1118990
BWI,2004,1114039
SFO,1992,1111508
PIT,1999,1110403
BOS,2003,1099234
DTW,1990,1095470
MIA,2007,1095384
SAN,2007,1094169
BOS,1989,1092462
PIT,1990,1091889
FLL,2005,1075796
CLT,1995,1075319
MIA,2008,1074913
BWI,1999,1069642
DTW,2003,1068981
SEA,1995,1068539
CVG,2008,1065220
MCO,1997,1064874
SAN,2008,1064836
TPA,2007,1063588
MCO,2001,1063511
CLE,2005,1062419
EWR,2002,1058376
STL,1991,1055563
PIT,1993,1051266
PIT,1995,1050994
FLL,2007,1047354
SAN,2000,1042712
CLE,2004,1042632
RDU,2007,1033545
LGA,1994,1033523
BWI,2001,1029889
MDW,2004,1024551
MCO,1996,1013089
CLT,1997,1012950
SEA,2002,1005011
IAD,2003,1004501
IAH,2002,1002434
MIA,2000,1001824
CLT,1998,1001796
DEN,2003,1000462
PHL,1990,994448
TPA,2005,992804
CLT,1994,992400
STL,1993,990595
CLT,2001,988032
BOS,1991,983661
DTW,1994,982524
SAN,2006,978188
CVG,1996,976928
PHL,1989,975949
MIA,1996,971810
IAD,2000,970465
SEA,1990,970389
MIA,1999,969486
TPA,2008,968718
LGA,1997,968411
PIT,1998,967300
MSP,1988,965393
SLC,2000,964657
MCO,1998,963716
LGA,2002,961022
TPA,2000,960033
LGA,1992,958816
DCA,2008,958781
SLC,1997,958147
SJC,2000,956904
PHX,1993,951522
IAH,1990,950451
FLL,2008,950304
PHL,1994,941170
LGA,1993,939719
PHL,1988,938451
PHX,1988,936800
IAD,1999,936667
MDW,2008,935168
MEM,2008,933439
CLT,1988,928261
SAN,2005,924067
MIA,2001,920717
IAH,1994,919858
RDU,2006,913860
DTW,1992,911232
SEA,2003,911025
CLT,1990,909776
MSP,1989,908789
LGA,1995,908185
MIA,2005,907649
PIT,1997,902981
DCA,2004,901585
SEA,1989,899302
BWI,1989,898859
MSP,1990,897983
TPA,2006,897943
BOS,2002,895639
CLT,2004,894546
CLE,2008,892300
LGA,1991,890876
DEN,2002,888535
MSP,1993,887382
MIA,2006,886854
CLE,2003,886086
MDW,2005,885722
DCA,1989,885628
BWI,2003,885083
PIT,2001,884165
PIT,1991,883574
CVG,1997,882994
SAN,2001,880490
DCA,1996,878086
SLC,1995,876423
MCO,2003,875635
JFK,2001,874790
DCA,2000,872981
STL,2003,871293
STL,2007,869980
PHL,1992,869834
DTW,1993,868783
SAN,1998,865777
MIA,1989,862264
RDU,2008,862203
DCA,1999,861843
TPA,1999,859065
MCI,2007,856437
PHL,1993,855962
PHL,1995,855945
SAN,2004,855623
DCA,1988,853319
MCO,1989,852271
CLT,1992,852064
LAS,1994,845825
STL,1992,845704
BNA,2007,844252
CLT,2003,844013
FLL,2004,841305
MSP,1994,839393
CVG,2003,835472
SAN,1996,833453
MCI,2000,831651
FLL,2006,831235
SLC,1998,830022
PDX,2000,827757
IAH,1991,827453
MCO,1988,823146
MIA,1997,822232
MIA,1995,821470
SLC,2003,820845
BWI,2002,817867
CLT,1991,815010
IAH,1989,813298
IAH,1988,812811
PIT,2007,812065
IAH,1992,811722
PHX,1992,809088
SAN,1999,808232
JFK,1996,806165
MCO,1990,805195
RDU,2005,803777
IAH,1993,794754
RDU,2004,792844
MIA,2004,791046
OAK,2000,789784
OAK,2006,788200
FLL,2000,784318
PDX,1996,784240
MIA,1998,784130
CLT,2002,782525
MCO,2002,780696
SEA,1988,780566
MSP,1991,777526
MSP,1992,777109
STL,2008,775885
MIA,1988,774334
LAS,1991,772887
BNA,2006,769617
PDX,2007,768884
MCO,1995,767851
MDW,2003,767765
TPA,2004,765932
TPA,2001,765586
MCO,1992,761344
DCA,1998,760767
OAK,2007,759434
MCO,1994,755016
JFK,2003,753952
CLE,1996,753850
CVG,2000,753555
DCA,1995,749395
LAS,1990,748822
STL,2006,748730
DCA,1994,746194
MCI,2008,745324
DCA,1997,741519
BWI,1998,738818
SLC,1999,733687
CLE,1999,726614
PHL,1991,724188
SLC,2001,723920
MIA,1994,722814
BNA,2008,717733
DCA,1990,716237
MIA,1990,714828
DCA,1993,714611
MCI,2006,714132
TPA,1996,712862
DTW,1991,712064
SJC,2001,710603
BWI,1996,709546
SEA,1994,708393
MCO,1993,706270
CLE,2000,706050
OAK,2005,700340
SAN,1997,698088
PDX,2008,697980
SAN,1995,697816
PDX,2006,697667
SEA,1991,695701
CLE,1989,688593
JFK,2000,687738
AUS,2007,687524
JFK,1989,686038
LAS,1989,685268
MIA,1993,683334
CVG,1999,682896
TPA,1997,682549
HOU,2007,682415
SAN,1989,681827
MCI,1999,681752
MCI,1996,681002
DCA,2001,680385
STL,2005,679143
DCA,1992,677499
SMF,2007,675335
CLE,1990,675267
MIA,2003,670706
MCI,2004,669270
DCA,2003,668421
JFK,1988,667740
BNA,2000,666577
CVG,1998,665757
MDW,2000,664985
TPA,1998,664204
MCI,1998,663807
PDX,1998,663395
IND,2007,662921
FLL,1999,662233
CLT,1993,660249
JFK,1990,658912
CLE,1995,658564
BNA,2004,658127
BWI,1995,657790
CLE,1997,655846
LAS,1993,655345
BWI,1994,654023
OAK,2004,653370
TPA,1989,651953
MIA,1991,650949
CMH,2007,649358
PIT,2006,648871
CLE,1998,648711
MEM,1988,647032
BWI,1988,646892
MCO,1991,646193
SEA,1992,646099
PDX,2005,645713
MSY,2000,645535
PIT,2004,644513
HOU,2000,643583
AUS,2008,643579
MIA,2002,641674
MCI,2005,639529
SMF,2006,638467
SEA,1993,636582
DAL,2007,636488
CVG,1995,635534
SLC,1989,632821
PDX,1999,632265
SJC,2006,631988
HOU,2008,631549
SJC,2007,627891
FLL,2001,627184
PDX,1997,625782
STL,2004,624373
SAT,2007,624029
BWI,1990,621004
FLL,2003,620818
MCI,1997,616545
TPA,1994,612851
OAK,2008,611681
OAK,2001,611627
TPA,2002,610683
BWI,1997,610534
PDX,2001,607994
SAN,2003,607587
MIA,1992,605190
BNA,2005,604646
SAN,2002,604642
SAN,1990,604471
SLC,2002,604455
SLC,1990,604415
CLE,1994,602904
CVG,1989,601072
TPA,1988,600799
JFK,1995,599605
TPA,2003,599106
CVG,1993,597088
PIT,2005,597050
OAK,1995,594125
SJC,1999,593784
SJC,2004,593561
PIT,2002,590952
CVG,1990,590742
SMF,2000,590334
TPA,1990,590046
MEM,2006,588972
SJC,2005,587698
AUS,2000,585059
MCI,1995,582655
SLC,1993,582619
MCI,2001,582253
HOU,1990,578648
SMF,2008,577985
OAK,1996,577666
CLE,1988,575456
HOU,2004,574789
DAL,2008,574648
MSY,1999,571498
SAT,2008,570851
HOU,2006,570144
PDX,2004,569250
MDW,1999,567278
MKE,2008,567021
JFK,1999,566840
IAD,2001,566225
SJC,2008,566040
OAK,2002,565146
BNA,1999,564462
SMF,2005,561644
AUS,2006,561225
OAK,1998,561184
PIT,2003,561101
JFK,1994,560178
LAS,1992,560093
PIT,2008,559815
SAN,1988,558030
MSY,2004,557666
CMH,1996,557108
MEM,1989,555276
DCA,1991,554889
CVG,1992,554212
CMH,2006,553013
MSY,1997,550827
HOU,2005,549973
MSY,1996,546785
RDU,2003,545199
DAL,2000,543938
TPA,1995,542573
JFK,2002,542394
LAS,1988,542363
IND,2008,542060
SLC,1991,536549
SLC,1992,534471
CVG,1988,532553
PDX,1995,532086
HOU,1997,530224
OAK,1999,530175
ONT,2000,529548
HOU,1999,529450
CVG,2002,528034
FLL,2002,527615
HOU,2001,524270
SJC,1998,523315
SLC,1994,523227
SAT,2000,522928
SAN,1991,522475
SNA,2000,522141
JFK,1992,520986
MEM,1997,518934
CLE,2001,518473
CVG,2001,518043
ABQ,2000,517717
SNA,2007,517305
CVG,1994,515853
SMF,2004,514793
JAX,2007,514656
HOU,1998,514049
FLL,1997,514048
JFK,1998,513983
SLC,1988,511833
MSY,1998,511448
SAN,1993,509854
HOU,1996,508457
MCI,1994,507572
BDL,2000,506890
IAD,1989,503499
IND,2005,502879
RDU,1989,502019
SAT,2006,500987
MEM,2004,500659
MSY,2001,500394
CMH,2004,499613
SJC,1996,499571
IND,2000,499349
MSY,1995,499087
IAD,1998,499083
FLL,1996,494091
TPA,1993,493399
MSY,2007,492275
RDU,2000,490850
MEM,2005,488564
ABQ,2007,487558
SAN,1994,485906
CMH,2008,484983
IND,2004,484717
BNA,1997,483753
CMH,1998,483642
HOU,2002,483550
IND,2006,483021
MKE,2007,482056
FLL,1998,481993
DCA,2002,481279
CLE,1992,480990
CLE,1993,480755
HOU,1989,480569
MDW,1996,480063
BNA,1998,479693
FLL,1989,478899
SNA,2006,478634
JFK,1993,478565
CMH,2000,478544
MSY,2005,478462
HNL,2008,478015
MSY,2008,478000
CMH,1997,477671
SJC,2002,477173
MEM,2000,476767
OAK,2003,475394
BNA,2001,475105
JFK,1997,471680
BDL,2007,471580
OAK,1997,469414
IND,1996,467152
BNA,1996,465241
CMH,2005,463360
HOU,1995,463069
MCI,2002,461332
BUF,2007,461082
MCI,1993,461032
TPA,1992,460850
AUS,1999,459758
BDL,2005,459406
MDW,1998,459047
MCI,2003,458396
MSY,1990,457008
PDX,2002,456721
IAD,1996,456474
CMH,1999,456254
RDU,2002,454860
SJU,2007,454762
SAN,1992,454086
BNA,1989,454036
MCI,1990,453518
MSY,2003,453371
HOU,1991,453317
IND,1989,452735
MSY,2002,450452
RNO,2000,448579
BNA,2003,448338
ABQ,2008,448051
SAT,2004,447081
RDU,1988,445765
MEM,2001,444268
HNL,2007,443437
PBI,2007,443214
DAL,1999,443056
OMA,2007,442867
MEM,1996,440397
ABQ,1996,440322
IND,1999,439667
AUS,2004,439359
FLL,1988,439070
RDU,1999,438658
JAX,2008,438649
SNA,2008,438374
CMH,1995,437909
BUF,2006,437446
PDX,1989,437040
CVG,1991,436993
AUS,2005,435642
SJC,2003,435109
BWI,1991,434474
DAY,1989,433402
TPA,1991,432592
DAL,1997,432323
MDW,2002,432046
SMF,1996,431244
DAL,2006,430120
ONT,2007,429956
PBI,2008,429786
SAT,1996,429535
FLL,1990,429167
MCI,1989,426893
BDL,2006,425271
JFK,1991,424432
MEM,2002,424318
FLL,1994,423938
SNA,2005,423060
MDW,1997,422706
ONT,1998,422596
CMH,2001,421429
RDU,1990,419297
SAT,1997,418766
CLE,1991,417281
ONT,1996,416943
RDU,1992,416309
SMF,1998,415951
IAD,1997,415941
SJC,1997,415587
MDW,2001,414747
PDX,2003,412625
SAT,1999,412152
MDW,1995,411007
DAL,2004,410551
CMH,1994,410189
MEM,1998,410091
IAD,1990,408807
BUR,2000,407450
HOU,2003,407017
FLL,1995,406808
OKC,2007,406625
MCI,1988,406578
DAL,1998,406228
BDL,2004,406117
IND,2003,405628
IND,1997,405007
PBI,2005,404946
CLE,2002,404877
ABQ,2006,404452
ABQ,1999,403594
SAT,2005,403056
IAD,1988,403046
BWI,1993,402915
BWI,1992,401452
MSY,1989,401384
AUS,2001,400713
MSY,1994,400475
IND,2001,400128
MDW,1991,399380
PDX,1988,399361
PVD,2007,399182
ONT,1999,399084
SMF,1999,398419
JAX,2006,398129
ONT,2006,397984
BNA,2002,396800
HOU,1988,396541
MEM,1990,395724
SJU,2008,395592
BNA,1988,395558
SJU,1996,394115
IND,1998,394032
IND,1990,393910
BNA,1992,393907
SAT,1998,393062
MEM,1999,392455
IND,1995,392139
BNA,1991,391901
TUL,2007,391015
BUF,2005,390984
PDX,1990,390498
SNA,2001,390383
RDU,2001,389077
ABQ,1998,388662
SMF,2001,387317
ONT,2005,386374
HNL,2006,386341
MSY,1988,385428
MCI,1992,385059
AUS,1998,384783
BDL,2008,383710
SNA,1996,383186
BDL,2001,380539
BUF,2004,380532
SNA,2004,380229
AUS,1997,379989
ABQ,2004,379914
OMA,2008,379628
MSY,1991,379329
BUF,2008,378886
RSW,2007,378862
HOU,1994,378463
MEM,2003,377536
BDL,1999,377118
ABQ,1997,374538
PBI,2000,374141
BNA,1990,373809
DAL,1996,373742
MEM,1995,373143
SJU,2005,372917
DAL,2001,372700
MCI,1991,372617
IAD,1991,370651
SNA,1999,370638
JAX,2005,369012
ONT,2008,368521
ANC,2005,367981
JAX,2004,367844
SJC,1995,367561
AUS,1996,366268
SAT,2001,364500
ABQ,1995,361001
PBI,2006,360747
SMF,1997,360625
RNO,1999,360339
DAL,2002,359652
PDX,1994,359446
ONT,2004,359046
SMF,1995,358558
RIC,2007,356947
BUR,2007,356787
RDU,1993,355748
PBI,1996,355689
ONT,1989,355322
SJU,2006,354693
DAY,1988,354623
SAT,1990,353204
ONT,1997,353066
BNA,1995,352669
CMH,2003,352441
PVD,2004,352078
ROC,2007,352030
SJC,1989,351993
RIC,2006,351770
PVD,2005,351620
BNA,1993,351133
FLL,1993,350892
ONT,1995,350686
SJU,2000,350312
MSY,2006,349873
IAD,1995,347845
SJU,2001,346996
SAT,1995,346439
TUS,2007,346336
IND,1988,345726
IAD,2002,344745
SMF,2002,344621
ABQ,2005,344086
HOU,1993,344067
BUF,1989,343706
FLL,1992,342673
CMH,2002,342637
PVD,2000,342459
ONT,1990,341682
ABQ,2001,341586
SMF,2003,341437
BUR,2006,341400
ONT,2001,340947
RNO,2005,340337
SJU,2004,340081
RSW,2005,339810
BUR,1998,339742
OKC,2008,338836
RNO,2004,338625
RSW,2008,338196
PBI,1989,338188
OMA,2006,337782
PBI,2004,337653
CMH,1993,337043
GSO,1994,336704
MKE,2006,336561
RDU,1996,336077
SYR,1989,334728
IAD,1992,334297
ANC,2000,334195
ORF,2004,333070
SNA,1998,332016
ORF,2006,330956
IND,1994,330798
MEM,1991,330395
TUL,2008,330330
MSY,1992,329642
PBI,1999,327494
ROC,2006,327354
MSY,1993,326627
ANC,1996,326618
BNA,1994,326208
ORF,1989,325454
BDL,1989,325384
DAL,1990,324858
BDL,1996,324817
RSW,2006,324702
RNO,1998,324691
OKC,2006,324131
SJC,1990,322686
PVD,2006,322601
SNA,2003,322598
IND,1992,321883
JAX,2000,321834
IND,1991,321731
MDW,1994,321490
SAT,2003,321024
GSO,1995,320705
SAT,2002,319897
AUS,2002,319276
MHT,2007,319217
DAL,1995,319146
SNA,2002,319115
BUR,2005,318758
ANC,2007,318339
IAD,1994,317717
AUS,2003,316699
ANC,2006,316628
RNO,2006,316480
ORF,2007,316270
BDL,1988,316183
SJC,1988,315565
BHM,2007,315426
RDU,1998,315370
SDF,1996,315339
RIC,2008,315043
ABQ,1990,314522
ELP,2000,314503
SDF,2008,314111
DAL,2005,313611
CMH,1992,313064
PVD,2001,311624
SAT,1989,311260
RDU,1994,310889
RNO,1996,310583
BDL,2003,310567
OAK,1994,309443
IND,2002,309235
PDX,1993,309182
PBI,1990,309170
AUS,1995,309057
TUL,2006,308022
TUS,2006,307974
MHT,2006,307409
PBI,1997,306434
FLL,1991,305937
SNA,1995,303459
BDL,1990,303179
HNL,1996,301606
SDF,2005,301601
PDX,1991,301437
SJU,1999,301237
PVD,2008,301019
ROC,2005,300859
RNO,2007,300252
SDF,2007,299919
HOU,1992,299680
CMH,1989,299608
SJU,1997,299327
RDU,1991,299177
TUS,2000,299053
LIT,2007,298659
BUR,2008,298031
JAX,1999,297994
RDU,1997,297559
ABQ,2002,296494
TUS,2008,296080
BHM,2008,295871
OKC,2000,295538
SAT,1994,294918
OKC,2004,294444
PBI,2001,294249
HNL,2005,293981
HNL,2001,293644
SDF,2004,293077
MEM,1992,292601
DAL,1994,291834
SAT,1991,291671
DSM,2007,291452
PBI,1988,291404
BUF,2000,291212
BUR,1999,290190
ANC,1999,289630
PDX,1992,288940
ANC,2004,288760
PBI,1998,286942
SDF,2000,286444
PVD,1999,286439
SNA,1997,285742
PBI,1994,285414
BDL,1998,285141
BDL,2002,283987
ONT,1991,283402
SJU,1995,283029
SYR,1988,282931
MHT,2005,281725
ABQ,1994,281329
SDF,1998,281034
OMA,2005,280922
IAD,1993,280142
ROC,2004,278701
SJU,2003,278675
BDL,1995,278015
ROC,1989,277829
ANC,2001,277030
ORF,2005,276909
ANC,1998,276300
BUR,2004,275877
SDF,1997,275868
GSO,1989,274980
DAL,2003,274651
BUF,1999,274052
JAX,1989,273441
ABQ,1989,273407
HNL,1997,273249
IND,1993,272910
MKE,2004,272859
TUL,2000,272012
OMA,2000,271492
BUF,1990,270492
GRR,2007,270335
ELP,2007,270125
RNO,1997,269466
OMA,2004,269289
JAX,2001,268414
PBI,1995,267790
MKE,2005,267506
OAK,1989,266496
MEM,1994,265985
ELP,1996,265893
SDF,2006,265694
RNO,2008,265594
OAK,1991,265490
ABQ,1991,265240
BUR,1996,265035
BHM,2004,264874
SMF,1989,264851
JAX,2003,264755
CMH,1990,263729
OAK,1990,263676
RNO,2001,263638
ORF,1988,263533
DAY,1990,263427
PBI,1992,263008
ONT,2002,262992
SDF,1999,262726
RDU,1995,261259
CMH,1988,261205
MEM,1993,260808
JAX,1994,260681
MHT,2004,260157
ELP,1999,259787
PBI,2003,259619
BUR,1995,259360
ORF,1994,259188
BUF,1988,259079
ALB,2004,258988
DAL,1991,258962
TUL,2004,258709
AUS,1994,258357
ANC,2008,258158
MHT,2008,257870
PBI,1993,257718
ALB,2007,257646
GSO,2007,256776
OAK,1993,256253
JAX,1997,255830
BDL,1997,255706
ANC,2002,255550
ELP,1998,254763
BHM,2006,254759
COS,2007,254431
ANC,1997,254426
ABQ,2003,254355
ELP,1990,253575
SJC,1994,252431
ONT,1988,252036
HNL,1995,251863
SAT,1988,251856
SDF,1995,251355
SJU,1998,251188
SYR,2007,250486
JAX,1998,249983
TUL,2005,248911
SNA,1994,248694
BUR,2001,248615
TUL,1996,248331
MKE,1989,248282
ONT,1994,248123
BUR,1997,247863
CHS,2007,247656
ONT,1993,246839
BUF,2003,246755
OMA,1996,246505
ONT,2003,246250
HNL,2000,245902
OKC,1990,245853
AUS,1990,245629
ELP,1997,245553
SAT,1993,244854
TUS,1999,244824
TUL,1990,244423
HNL,2004,244395
LIT,2006,244365
AUS,1989,243633
PVD,2003,243420
SNA,1989,243098
XNA,2007,242911
BUF,1996,242883
SNA,1993,242593
ORF,2008,242027
MDW,1989,241822
ELP,2006,241317
RSW,2004,240650
BDL,1992,240517
BHM,2005,240516
MSN,2007,238661
OKC,1996,238148
GSO,2006,238147
TUL,2001,238089
TUS,1996,237687
GSO,1996,237674
ORF,2003,237645
ELP,1995,237476
ICT,2007,236245
DSM,2008,235365
RIC,2005,234955
LIT,2008,234892
LIT,2005,234682
COS,2006,234549
SNA,1988,234507
JAX,1990,234445
SJU,2002,234323
PVD,1998,233547
SNA,1990,233035
ALB,2005,232725
ELP,2008,232321
ANC,1995,231945
JAX,2002,231719
OKC,1997,231606
OKC,2001,231391
GSO,2004,231313
OKC,2005,231308
GRR,2008,231257
HNL,1990,230899
SAT,1992,230554
RSW,1996,230499
PBI,1991,230247
TUS,1998,230133
BDL,1991,229615
SJC,1991,229480
ROC,2008,229147
PBI,2002,228404
TUL,1989,228292
SJC,1993,227614
SAV,2006,227580
ELP,2004,227486
SDF,1989,227303
SMF,1993,226975
PVD,2002,226919
RIC,1989,226581
TUL,1999,226508
ORF,1990,226011
ABQ,1993,226005
SMF,1990,225240
BUF,1992,225166
CAE,2007,224947
HNL,1998,224868
TUS,2005,224511
LIT,2004,224443
CAE,2006,224257
BOI,2000,223793
DAY,2007,223683
ELP,1991,223589
ONT,1992,223466
SYR,1990,223252
BUF,1994,222983
MKE,1990,222870
GRR,2006,222753
BHM,1999,222482
OKC,1998,222271
DAL,1989,222082
BDL,1994,221907
DSM,2006,221877
BUF,1998,221553
BDL,1993,221384
GSO,1988,221360
TUL,1995,221324
BUF,2001,220644
OKC,1999,220555
BOI,2007,220393
XNA,2008,220280
SMF,1994,220230
SAV,2007,219794
RIC,2004,219771
SYR,2004,219205
TYS,2007,218885
ROC,1990,218882
BUR,2002,218873
JAX,1996,218562
SNA,1991,217994
OKC,2003,217930
ABQ,1988,217519
ELP,1989,217378
OKC,1995,217358
TUS,2004,217345
JAX,1988,216495
OAK,1988,216276
DAY,2008,216166
OKC,1989,216138
GRR,2005,215756
ROC,1988,215732
ALB,2006,215382
COS,1996,215355
GRR,2004,215345
TUL,1998,214037
BHM,2000,213753
RSW,2000,213510
RSW,1990,212744
ROC,1999,212702
CHS,2008,211956
ELP,2005,211889
DAY,2004,211798
ROC,2000,211755
HPN,2007,211717
GSO,2005,211318
ANC,2003,211261
GSO,2000,211198
BUF,1993,210285
COS,2008,210260
TUS,1997,209964
ORF,1996,209715
ORF,2000,209626
SDF,1994,209370
HNL,1989,209234
RIC,2000,208678
GSP,2006,208669
GSP,2007,208415
AUS,1991,208358
OMA,2001,208352
MHT,2000,208293
TUL,1997,207703
OMA,1997,207602
SYR,2005,207206
RIC,1999,206947
TUS,1990,206735
ABQ,1992,206227
RNO,1995,206029
SDF,1988,206004
RSW,1997,205869
MDW,1993,205422
SJC,1992,205415
GSO,1999,205263
OMA,1998,205075
SAV,2008,205068
TYS,2008,204933
MKE,1988,204715
DAY,1991,204650
CMH,1991,204469
GSO,2008,204158
AUS,1993,203408
SMF,1988,203336
ALB,2000,203176
MKE,2003,203074
AUS,1988,202837
ELP,2001,202601
ELP,1994,202454
DAL,1993,202434
OAK,1992,201840
ORF,2001,201554
BHM,1996,201239
SYR,2008,201228
RSW,1989,200978
ICT,2008,200967
RNO,2002,200098
ORF,1999,199932
OMA,1999,199216
DAY,2005,199174
ALB,2001,199001
TUS,2001,198682
GEG,2000,198433
CHS,2006,197972
BUF,1997,197873
BUF,1995,197782
RNO,2003,197757
TUS,1995,197550
BUF,1991,197498
SMF,1992,197473
ROC,1996,197310
JAX,1995,197182
DAY,2006,197107
SDF,2001,196953
MKE,2000,196748
SGF,2007,196701
PVD,1997,196697
MSN,2006,196198
JAN,2007,195982
MKE,1996,195924
TUL,1993,195757
ICT,2006,195700
MSN,2008,195542
COS,2000,195071
BOI,2008,194807
OKC,1994,193785
ORF,1998,193447
HNL,1991,193223
CAE,2008,193220
BUR,2003,192856
RIC,2001,192583
ANC,1990,192537
TYS,2004,192289
RIC,1996,191979
BOI,2006,191921
BHM,1997,191898
SYR,2006,191798
FAT,2006,191170
BOI,2005,190724
RSW,1988,190706
SMF,1991,189940
RSW,2003,189862
OKC,2002,189817
TUL,1994,189796
TUL,2003,189656
SJU,1988,189278
MKE,2001,189071
SDF,2003,188805
GSP,2004,188624
RSW,2001,188468
MDW,1988,188408
TUL,1991,188375
ORF,2002,188125
OMA,1995,187993
SJU,1990,187953
ALB,2003,187538
ROC,2001,187030
MHT,1999,186945
MDW,1990,186798
BOI,2004,186757
SNA,1992,186018
AUS,1992,185387
GEG,2007,185228
RSW,1999,185205
BHM,1998,185080
LIT,1995,184810
ORF,1995,183980
OKC,1991,183947
ROC,2003,183767
ALB,2008,183595
MKE,1997,183431
RSW,1995,183159
TUS,1989,182783
GSO,1998,182271
GSO,1990,182258
SDF,1990,182243
GEG,1996,182084
ROC,1992,181667
OMA,2003,181562
RIC,1988,181546
SAV,2005,180939
JAX,1992,180451
TUL,2002,180178
RSW,1992,180033
HNL,1992,179555
RNO,1988,179439
BTR,2006,179147
OKC,1993,178370
SDF,2002,178180
MKE,1992,177769
CHS,2004,177480
TUS,2003,177242
TUL,1988,176818
OKC,1988,176757
LEX,2007,176443
LIT,1996,176087
FAT,2007,175861
ANC,1989,175730
LGB,2008,175421
RSW,1994,175217
SJU,1994,175133
GEG,2008,175047
CHS,2005,174864
BUR,1994,174424
XNA,2006,174257
JAX,1993,174204
RNO,1989,174131
MKE,1999,173826
COS,1997,173690
DAY,1994,173611
PSP,2006,173429
GSP,2008,173283
MKE,1995,172787
SJU,1993,172384
ORF,1993,172250
BTR,2007,172104
RSW,1993,171833
MHT,2003,171220
MKE,1998,171145
LIT,2000,171107
RSW,1991,170984
JAX,1991,170959
CAE,2004,170707
SYR,1992,170268
PWM,2007,170187
TUL,1992,170103
CID,2007,170075
ALB,1989,169675
ROC,1997,169406
BUR,1988,169330
ROC,1998,169086
MDT,2007,168974
ELP,1993,168165
TYS,2005,168154
ELP,2002,167691
MHT,2001,167534
OMA,1989,167496
RSW,1998,167209
GSO,2001,166772
HNL,1988,166626
SJU,1992,166497
RNO,1990,166488
XNA,2005,166458
HNL,1993,166310
GEG,2004,166300
PSP,2007,166107
ORF,1992,165817
ORF,1991,165511
GEG,2006,165190
OMA,1990,164176
PVD,1996,163879
JAN,2008,163785
BHM,2003,163581
ORF,1997,163526
ROC,1994,163504
DSM,2004,163052
RIC,1995,162794
GRR,2003,162773
RIC,1998,162735
BUR,1989,162692
BHM,2002,162476
BHM,2001,162298
LIT,1990,161939
MKE,2002,161376
GSO,1993,160958
GEG,1997,160820
ROC,1991,160629
BHM,1995,160357
RIC,1997,159822
SAV,2004,159342
SYR,2000,159174
PVD,1989,159150
MKE,1994,159077
GEG,2005,158767
SGF,2006,158478
BTV,2007,158342
COS,2005,158320
OKC,1992,157897
OMA,2002,157801
COS,1999,157749
HPN,2008,157367
TUS,1988,157209
DAY,2003,157138
ALB,1999,156950
MKE,1991,156567
PWM,2004,156196
RIC,2003,156081
TYS,2006,155981
ANC,1988,155840
DAY,1996,155775
SYR,2003,155767
ROC,1993,155166
JAN,2006,155141
DAY,1995,155046
ANC,1994,154615
HNL,1999,154605
RIC,1994,154527
GSO,1997,154419
ANC,1992,154202
BHM,1989,154184
BUF,2002,154063
SYR,1991,153861
GEG,1999,153852
HSV,2007,153203
BUR,1990,152888
PWM,2006,152768
CAE,2005,152766
ELP,2003,152573
HNL,2003,152322
SRQ,1990,151999
ROC,1995,151888
BHM,1990,151702
SBA,2006,151676
OMA,1991,151604
SJU,1989,151537
SHV,2007,151522
XNA,2004,151236
GSO,2003,151153
GEG,1998,151150
LGB,2007,151088
TUS,1994,150946
LIT,1997,150537
GSO,1992,149692
GSP,2005,149578
OGG,2006,149356
DAY,2000,149288
LIT,1998,148875
GEG,2001,148865
PVD,1990,148312
LIT,2001,147841
RNO,1994,147795
LEX,2008,147692
SYR,1999,147461
CAK,2007,147168
LIT,1994,146970
FAT,2008,146916
OGG,2008,146895
BUR,1991,146591
DSM,2005,146366
PNS,2006,146324
ELP,1988,146311
PNS,2007,146205
SGF,2008,146197
ALB,2002,146083
RNO,1993,145978
OGG,2007,145678
LIT,1989,145404
ICT,2004,145229
ANC,1991,145109
RSW,2002,144958
DAL,1992,144931
RIC,1990,144898
DAL,1988,144087
TUS,1991,143654
LIT,1999,143343
COS,1998,142905
ISP,2007,142353
ELP,1992,142222
SDF,1993,142022
BHM,1988,141976
CAK,2006,141094
ALB,1988,140602
GRR,2001,140385
PVD,1992,140061
PVD,1988,140054
SYR,1993,139993
HSV,2008,139868
ALB,1996,139731
TUS,2002,139414
MYR,2007,139239
MKE,1993,139189
SDF,1992,138710
LIT,2003,138672
LEX,2006,138623
TUS,1992,138532
LIT,2002,138318
GRB,2007,138173
BOI,1996,137982
HSV,2004,137753
TYS,2003,137622
RNO,1991,137439
SJU,1991,137289
MHT,2002,137195
BUR,1993,136894
CAK,2005,136857
MLI,2007,136841
OMA,1988,136666
MDW,1992,136472
CID,2006,136290
MDT,2004,136181
OMA,1994,135984
CAK,2008,135932
ICT,2005,135903
DAY,1992,135290
ANC,1993,134516
BOI,1998,134104
GSO,1991,133981
LIT,1993,133744
ALB,1990,133394
CHS,1989,133008
LBB,2007,132868
SYR,1996,132315
JAN,2004,132098
JAN,2005,131888
COS,2001,131588
COS,1995,131288
PNS,2005,131264
COS,2004,131189
SBA,2007,131173
BTV,2005,131010
BTV,2006,130906
BOI,1997,130881
PSP,2008,130755
OMA,1993,130376
VPS,2007,130246
BHM,1994,130002
ALB,1998,129976
TUS,1993,129316
RIC,1993,129266
LEX,2004,129075
SYR,1994,129067
PVD,1994,128553
HNL,2002,128506
SYR,2001,128412
SYR,1998,128334
BTR,2005,128284
CAE,2003,128180
SYR,1995,127925
FNT,2007,127648
CHS,1988,127036
GSP,2003,126892
CID,2008,126860
GRR,1989,126563
BOI,2001,126306
CAK,2004,126251
MSN,2005,125844
PVD,1995,125083
LGB,2006,125059
RIC,2002,125037
ISP,2004,124907
MDT,2006,124812
SDF,1991,124569
MDT,2008,124368
DAY,1999,124356
ALB,1995,124058
ICT,1989,123950
PWM,2005,123487
HSV,2005,123158
OMA,1992,122976
BOI,1999,122967
DAY,1993,122858
CHS,1990,122760
PWM,2003,122613
HPN,2004,122530
CHS,1994,122378
ALB,1992,122332
GEG,1995,121977
LIT,1991,121622
CAE,1990,121357
PWM,2001,120809
RIC,1992,120634
SBA,2008,120483
MLI,2008,120386
SYR,1997,120361
CRP,2006,120183
MSN,2004,119693
CAE,1989,119611
DAY,1997,119530
ISP,2001,119500
FNT,2008,119434
GRR,2002,119361
PSP,2005,118815
DAY,2001,118748
GRB,2008,118530
MLI,2006,118161
ALB,1997,118144
DSM,1989,118132
ICT,2003,118041
ISP,2006,117980
OGG,2001,117114
CHS,2003,116994
BTR,2008,116754
DAY,1998,116182
GRR,1996,115715
GRR,1997,115342
LBB,2006,115282
SRQ,1988,114936
BTV,2008,114691
BHM,1993,114645
BHM,1991,114424
PWM,2008,114420
RNO,1992,114274
GRB,2006,114050
HNL,1994,113333
GRR,1988,113314
PNS,2008,113292
PVD,1993,113065
GRR,1998,112951
GRR,2000,112915
DSM,1988,112847
PVD,1991,112688
LIT,1988,112659
ICT,1990,112031
MDT,2000,111816
LEX,2005,111365
LIT,1992,111267
BTV,2004,111111
SHV,2006,111014
ISP,2008,111011
LGB,1990,110985
DSM,1996,110947
HPN,2006,110739
DSM,2000,110584
SRQ,1989,110343
BOI,2003,109969
PSP,2004,109756
FNT,2005,109579
VPS,2006,108976
ALB,1994,108561
ISP,2005,108198
FSD,2007,107955
AMA,2007,107954
MHT,1998,107826
MAF,2006,107806
HPN,2003,107796
FWA,2007,106965
PWM,1989,106687
MDT,1996,106352
MAF,2007,106210
BHM,1992,106159
SRQ,1991,105719
XNA,2003,105584
GEG,2002,104671
DSM,2001,104662
LGB,2005,104312
VPS,2008,104278
MDT,1999,104183
GEG,1989,104038
ALB,1993,103974
HSV,2006,103908
SHV,2008,103569
FNT,2006,103504
GPT,2008,103204
GRR,1999,103176
FAT,2004,102983
ATW,2007,102861
GPT,2007,102704
OGG,2005,102164
LBB,2004,102104
DSM,1990,102047
GSO,2002,101941
BUR,1992,101650
BOI,2002,101625
SHV,2005,101507
DSM,2003,101431
GRR,1995,101408
SRQ,1992,101300
RIC,1991,101258
CRP,2007,101200
FAT,2005,101061
LGB,1989,100983
AMA,2006,100837
LBB,2005,100302
FWA,2004,100166
GEG,1990,99344
ICT,2000,99129
SGF,2005,99047
LBB,2008,98787
BMI,2006,98735
GPT,2006,98728
GEG,1988,98662
TYS,1996,98110
MOB,2007,97951
GEG,2003,97806
BOI,1995,97601
SAV,2003,97213
PHF,2005,97047
CHS,1995,97028
MDT,1998,97018
SHV,2004,97013
PHF,2006,96895
SWF,2007,96823
TYS,1989,96668
MDT,1995,96517
CRP,2004,96423
CAE,1988,96273
BTR,2004,96050
MYR,2006,95843
MFR,2006,95785
ALB,1991,95563
KOA,2008,95540
SRQ,1993,95444
PWM,1990,95443
GRR,1990,95301
LGB,2004,95283
DSM,1995,95116
GSP,1994,94558
GSP,1996,94501
JAN,2000,93696
DSM,1991,93475
PHF,2008,93169
ICT,1988,93125
CRP,2005,92978
SRQ,1996,92735
MDT,2005,92514
COS,1993,92387
SRQ,2007,92307
SAV,1990,92023
COS,2003,91909
CHS,1996,91753
LEX,2003,91360
MRY,2006,91308
LFT,2007,91070
JAN,2001,90594
TYS,1995,90264
SRQ,2008,90257
COS,1990,90249
FWA,2008,90201
SAV,1989,90081
LGB,1988,90037
SBA,2005,89831
SYR,2002,89473
AMA,2004,89370
ABE,2007,89024
COS,1994,88980
TYS,1998,88900
MDT,2003,88851
CHS,1999,88825
JAN,2003,88810
CID,2004,88807
HPN,2005,88578
ISP,2003,88471
MAF,2008,88251
MDT,1989,88209
MAF,2004,87825
PWM,2000,87712
EVV,2007,87616
PSP,2001,87588
BTR,1990,87587
ABE,2000,87537
FSD,2006,87484
FNT,2004,87344
GSP,1990,87145
LBB,1990,86928
MDT,1997,86875
SRQ,1997,86793
HPN,2001,86632
ICT,1991,86466
DSM,1997,86447
ICT,1998,86417
SGF,2004,86335
SBN,2007,86291
COS,1991,86229
AMA,2008,86079
FWA,2006,85677
MFR,2007,85621
FSD,2008,85613
PIA,2007,85587
OGG,2004,85459
PSP,2003,85387
ISP,2000,85237
PNS,2004,85192
FAI,2005,85188
BGR,2006,85140
CHS,1993,84720
SRQ,2006,84590
LGB,2003,84533
CHA,2007,84499
TYS,1997,84433
ROC,2002,84433
PHF,2007,84375
DSM,1998,84347
SRQ,1994,84234
ATW,2008,84073
TYS,2000,84012
ISP,1988,83870
MAF,2005,83830
GSP,1989,83591
GRR,1992,83522
KOA,2007,83414
GRR,1991,83409
MRY,2007,83273
CHS,1992,83231
ABE,2006,83227
DSM,1993,82951
CID,2005,82824
BTV,2003,82820
DAB,1990,82748
ABE,2004,82601
GSP,1995,82557
MOB,1990,82519
BMI,2008,82344
CHS,1997,82328
VPS,2004,82126
GSP,2001,82124
ICT,2001,82109
COS,1989,82059
MOB,2006,82019
FAR,2007,81907
ABE,1996,81881
MGM,2007,81840
LBB,2001,81830
DSM,1999,81746
BTV,1989,81741
ICT,1993,81659
DAY,2002,81613
SAV,1988,81600
MYR,2005,81491
ICT,1996,81321
PWM,1996,81313
CHS,1998,81212
TLH,1989,81090
JAN,1999,80911
ISP,2002,80842
GRK,2007,80751
GRR,1994,80638
SRQ,2005,80294
AMA,2005,80242
GRB,2005,80126
JAN,1990,79879
FAI,1996,79798
CAE,1996,79636
LBB,2003,79575
MYR,2004,79274
VPS,2005,79017
MYR,2008,78934
XNA,2001,78884
TYS,1990,78867
LGB,1991,78836
BGR,2005,78833
GRR,1993,78725
CHS,1991,78641
SBP,2006,78332
JAN,1989,78153
ICT,1992,78000
DSM,1994,77980
GSP,1988,77912
COS,1992,77908
JAN,1996,77869
BGR,2007,77835
JNU,2005,77710
CID,2001,77659
SBN,2008,77480
ROA,2006,77441
HPN,2000,77240
MSN,2003,76947
ICT,1997,76923
LIH,2008,76753
DSM,2002,76456
DSM,1992,76398
ATW,2006,76392
EUG,2006,76350
FWA,2003,76198
GEG,1991,76115
MDT,1992,75893
BZN,2007,75819
JAN,2002,75782
MFE,2007,75640
TYS,1988,75598
PWM,1998,75594
FAT,2003,75502
PIA,2008,75444
CID,2000,75375
GSP,1997,75023
MDT,2001,75012
BTR,1989,74949
PWM,1991,74940
MSN,2002,74921
EUG,2007,74893
ICT,1999,74873
LFT,2006,74679
CHS,2000,74665
MRY,2008,74316
SRQ,1995,74078
TOL,2003,73991
GPT,2005,73883
LAN,2007,73863
PIA,2006,73855
TYS,1992,73827
PFN,2007,73822
PNS,2003,73595
PWM,1992,73588
TVC,2007,73563
BGR,2004,73526
SAV,2001,73429
LBB,2002,73359
ABE,1999,73234
GSP,2000,73022
TYS,1993,72985
MOB,2008,72875
SBN,2003,72871
MSN,2001,72773
AMA,2000,72641
HSV,1995,72635
BOI,1989,72474
SAV,1996,72404
PWM,2002,72286
COS,1988,72219
LAN,2006,72196
PWM,1994,72187
MAF,2001,72174
BMI,2007,71903
JAN,1998,71872
FAI,1999,71803
ABE,1995,71732
ABE,2008,71701
PNS,1990,71597
BTR,2003,71511
TLH,2008,71492
FAI,2007,71482
EVV,2004,71188
JAN,1988,71082
FAI,2000,70936
PWM,1988,70872
TYS,1999,70812
ILM,2007,70594
SAV,1994,70568
CRP,2003,70565
LEX,1989,70549
AMA,2003,70523
SRQ,1998,70478
COS,2002,70355
TLH,1988,70291
GSP,1998,70169
BGR,2001,70133
BTV,1990,70055
PWM,1999,70031
BTR,1988,69946
LIH,2007,69920
MFR,2008,69916
FAI,2004,69496
MDT,1988,69453
KOA,2001,69421
SBP,2007,69364
SBN,2004,69355
PSP,2000,69252
CAK,2003,69250
PNS,1997,69244
TOL,2004,69240
ICT,1995,69224
GSP,1999,69216
ISP,1989,69211
SAV,1991,69150
MFE,2006,69133
SHV,1990,69129
JNU,2007,69119
MDT,1993,69042
CRW,2004,68945
FWA,2005,68880
HSV,1999,68829
LAN,2004,68812
JAN,1997,68768
EVV,2008,68730
GEG,1992,68677
HRL,2007,68572
SAV,1992,68481
PIA,2004,68473
EVV,2005,68368
GEG,1994,68335
PHF,2004,68305
DAB,1992,68272
HSV,1996,68217
ABE,1997,68195
LBB,1991,68181
CMI,2006,68129
LBB,2000,68010
AZO,2007,67986
LBB,1989,67954
EGE,2007,67814
BTV,2001,67802
HSV,1990,67716
JNU,1999,67611
MAF,2000,67510
CRP,1990,67442
EUG,2008,67288
ASE,2007,67230
CRP,2001,67176
HPN,1999,67168
CHA,2008,67158
LEX,1988,67156
MBS,2007,67145
SBA,2004,67101
SHV,2003,66822
ASE,2008,66817
TYS,1991,66809
ACV,2007,66767
GEG,1993,66651
MAF,1997,66640
AVL,2008,66599
MDT,1990,66573
CAE,1991,66514
SRQ,2004,66401
GRB,2004,66334
HSV,1993,66133
JAN,1993,66127
PNS,1999,66073
AVL,2007,65954
AMA,2002,65753
TYS,1994,65708
MOB,1991,65607
BTR,1991,65489
PWM,1993,65436
HSV,2003,65339
CAE,1992,65302
CAE,1995,65271
MLI,2005,65255
ABE,1998,65245
CHA,2006,65234
VPS,2003,65161
MAF,1990,65160
RAP,2007,65143
CMI,2007,64967
CRW,2007,64965
BOI,1990,64939
KOA,2006,64896
AZO,2004,64841
JNU,2000,64750
SAV,1995,64640
TVC,2008,64602
PNS,1989,64602
FAR,2006,64589
AMA,1990,64556
BFL,2006,64531
HPN,1996,64323
FAI,2006,64319
PNS,2000,64294
TLH,2005,64192
SHV,1988,64167
XNA,2002,64100
AVL,2005,64049
JAN,1992,64021
SRQ,1999,63777
PWM,1997,63736
HSV,2000,63730
ABE,1992,63646
TVC,2006,63594
FSD,2004,63426
ACV,2006,63410
FAI,1998,63405
CRW,2003,63352
BTV,1988,63343
LFT,2008,63221
BOI,1988,63091
GSP,1993,63079
SAV,1993,63069
SAV,1997,62949
ISP,1999,62928
MOB,1993,62749
AMA,2001,62694
BIL,2007,62659
TLH,2007,62586
MDT,1994,62351
ROA,1989,62331
SHV,1989,62307
PNS,1996,62195
MSN,1997,62062
ROA,2007,61960
MAF,2003,61936
DET,1990,61927
PHF,2003,61842
JNU,1996,61788
HRL,2004,61764
CID,2003,61733
DAB,2006,61715
MSN,1998,61705
DAB,2004,61669
LNK,2007,61422
GRK,2006,61353
GJT,2007,61322
LBB,1997,61254
CRW,2006,61056
BTR,1992,61033
HSV,1994,60911
FAI,2001,60910
MAF,1998,60813
SAV,2000,60633
TLH,1990,60561
PFN,2008,60465
MOB,1992,60431
OGG,2000,60382
GPT,2003,60374
MAF,2002,60250
PNS,1995,60162
PFN,2006,60155
JAC,2008,60094
TLH,2004,60093
HRL,2006,60088
JNU,2001,60077
JAN,1991,60013
MSN,1990,59997
CID,1998,59970
SHV,2001,59706
SWF,2008,59704
CRP,2002,59676
PFN,2005,59608
HRL,1990,59566
CAE,1997,59544
MSN,1989,59542
AMA,1999,59404
HSV,1989,59400
HSV,1992,59356
HPN,1995,59338
MSN,1999,59249
JNU,2008,59200
PSP,1989,59168
JAC,2007,59113
HPN,1997,59055
ROA,2003,59036
EGE,2008,59025
ROA,2004,59018
PWM,1995,58984
HSV,1997,58963
PNS,1998,58949
BTR,2001,58904
GPT,2004,58856
SBP,2008,58774
MYR,2003,58757
PNS,1988,58746
MLB,1990,58746
ACV,2008,58737
AGS,2007,58700
LEX,1990,58695
SAV,1999,58584
RST,2007,58576
RAP,2006,58550
GSP,1992,58495
ABI,2007,58479
MOB,1988,58390
FAI,2002,58368
MGM,2003,58268
AGS,2003,58157
ICT,1994,58139
LNK,2006,58070
MDT,1991,58059
JNU,1997,58009
DAB,1989,57910
AZO,2006,57882
CMI,2004,57880
CHA,2005,57780
PSP,1998,57714
GNV,2007,57640
TLH,1992,57613
FSD,1996,57373
FAI,1997,57220
MOB,2005,57157
SRQ,2000,57083
MAF,1989,57062
MOB,2004,57049
MAF,1999,56960
AVP,2007,56909
MBS,2006,56785
MLU,2007,56761
MOB,1997,56695
DET,1989,56427
MSN,1996,56395
MOB,1989,56370
PIA,2005,56342
MOB,1995,56330
GRK,2005,56294
CAE,1993,56254
JNU,1998,56177
CRW,2005,56061
MGM,2005,56037
JNU,2004,56004
FAR,2008,55913
FAT,1990,55898
PFN,2003,55890
DAB,1988,55828
GSP,2002,55813
JNU,2006,55720
CMI,2008,55706
MLI,2004,55695
MYR,1989,55626
LBB,1994,55556
DAB,2005,55532
AMA,1998,55503
AMA,1997,55499
CID,1996,55460
EUG,2005,55420
CRP,1991,55394
CRP,2008,55366
CID,1995,55183
CID,1999,55154
CID,1997,55102
HRL,1995,55086
HPN,2002,55003
HRL,2001,54915
MLB,1992,54849
LAN,2008,54753
PNS,1992,54654
MHT,1997,54554
MGM,2006,54541
JAC,2006,54519
FAT,1989,54457
SAV,2002,54450
JAN,1995,54354
LAN,2003,54349
LBB,1998,54308
BTR,1997,54295
CAE,1998,54171
ABE,2001,54108
MHT,1996,54035
MRY,2005,53951
HSV,2001,53827
BOI,1991,53824
HRL,2008,53746
EVV,2006,53710
BTR,1993,53641
BTV,1992,53546
HRL,2000,53530
BZN,2006,53509
MDT,2002,53487
MBS,2000,53486
PSP,1999,53377
BZN,2008,53313
ROA,2008,53270
ABE,1993,53210
TOL,2005,53195
SHV,1993,53193
FWA,1989,53072
EGE,2006,53061
CHA,2003,53053
CAE,1994,52996
ABE,1994,52927
MAF,1991,52919
MFR,2005,52894
AVP,2006,52787
MOB,1996,52768
BOI,1993,52760
FAI,1995,52740
GRK,2008,52732
LIH,2006,52696
AVL,2006,52693
TVC,2004,52663
LBB,1988,52644
HSV,1991,52316
LEX,1996,52149
BIL,1996,52147
HPN,1998,52101
AEX,2007,52084
EUG,1998,52079
PSP,1990,52071
GJT,2006,52055
BTR,1996,52017
PNS,1994,52005
DAB,1993,51922
SAV,1998,51886
PSP,1988,51874
OGG,2003,51679
TYS,2001,51631
LBB,1999,51607
PNS,1991,51596
SWF,2004,51582
SWF,1996,51579
CHA,2004,51552
BIL,2005,51547
ASE,2006,51508
BIL,2004,51491
LBB,1993,51434
BFL,2007,51412
BOI,1994,51338
CRW,1989,51336
GRB,2002,51264
FAY,2007,51120
MSN,1992,50973
LBB,1996,50930
FSD,1989,50832
BTV,2000,50788
AVL,2004,50773
ABE,2005,50765
MSN,2000,50659
LIH,2001,50658
ABE,1988,50593
FAI,2008,50359
MHT,1995,50340
EUG,2000,50298
MBS,1996,50136
HRL,1989,50008
PSP,1991,50005
AMA,1988,49897
DRO,2006,49851
BGR,2003,49773
CHS,2001,49769
SHV,1992,49760
ABE,1989,49740
DAB,1994,49697
FSD,1998,49663
SBA,2003,49611
PSP,1996,49607
PNS,2001,49574
CAE,1999,49553
DAB,2007,49537
MAF,1995,49533
ILM,2006,49480
HSV,1998,49479
MOB,1994,49416
HRL,2005,49332
MAF,1996,49326
MOB,2003,49299
FSD,1990,49264
MHT,1992,49251
EUG,1989,49181
SWF,1995,49142
BZN,2005,49086
CMI,2005,49051
LNK,1989,49042
EVV,2003,48957
FSD,1988,48933
FSD,2005,48895
SBA,2001,48887
MLB,1988,48810
GSP,1991,48802
AVP,2004,48778
AMA,1989,48773
MAF,1988,48737
YUM,2006,48626
LEX,1995,48609
FAI,1990,48551
MHT,1994,48549
MBS,2004,48464
CID,1990,48443
OGG,1996,48431
LNK,1990,48383
ABE,1990,48382
BOI,1992,48360
LBB,1992,48329
MSN,1995,48320
KTN,2005,48312
DAB,1996,48287
AGS,2004,48264
AVL,2003,48223
STT,2007,48186
JNU,1995,48140
PIA,2003,48113
SHV,1991,48076
CID,2002,47953
BTR,1995,47915
STT,2008,47841
DAB,1991,47836
MFE,2008,47820
CRW,2008,47799
TLH,2006,47786
BFL,2008,47745
AZO,2008,47703
MGM,2008,47700
MBS,2008,47695
MHT,1991,47682
AMA,1991,47670
MHT,1990,47599
MOB,2000,47492
FSD,1997,47463
SBA,2000,47441
MSN,1988,47333
FAR,2005,47199
BTV,1999,47189
AGS,2005,47128
PSP,2002,47123
BTV,1991,47054
TLH,1994,47042
JNU,2002,47018
MLU,2006,46950
BTR,2000,46910
MBS,1997,46905
ISP,1990,46902
CID,1991,46868
GRB,2003,46677
LNK,2008,46671
FAY,1989,46651
HSV,1988,46644
HRL,1994,46622
MFE,2000,46618
MLB,1993,46604
FAI,2003,46597
DAB,1997,46575
DRO,2007,46504
BIL,2000,46361
CAK,1988,46334
SGF,2001,46330
CRW,1988,46306
HRL,1996,46095
BIL,2006,46060
FAR,2004,46037
AMA,1996,45928
MBS,1998,45921
AGS,2006,45916
MBS,1989,45912
CAE,2000,45903
RST,2008,45839
OGG,1997,45792
LEX,1993,45667
MBS,1999,45606
ABE,1991,45559
MGM,2004,45555
FSD,1991,45444
ILM,2008,45437
FSD,1992,45407
LEX,1999,45404
SWF,1992,45329
ROA,1988,45301
MSO,2007,45284
LAN,2005,45253
AZO,2005,45216
LEX,1992,45136
HRL,1997,44910
MLB,2005,44798
SHV,1995,44701
ILM,2005,44670
DAB,1995,44497
LNK,2000,44425
LBB,1995,44326
EUG,2004,44299
CWA,2008,44191
EUG,1988,44186
MSN,1991,44177
MSO,2005,44118
PNS,1993,44112
FSM,2007,44057
ICT,2002,44006
MBS,1995,44004
MHT,1989,43984
LEX,1997,43962
DAB,2008,43886
BIL,1988,43884
BGR,2008,43847
PSP,1995,43770
SWF,1991,43739
FSD,1993,43702
HRL,1999,43628
BIS,2007,43602
TYS,2002,43595
FAY,1988,43559
ILM,1989,43432
TOL,2006,43242
JNU,1989,43241
SBN,2005,43069
MOD,2006,43006
BTV,1998,43006
RDD,2006,42986
ABI,2006,42933
HRL,1991,42910
TVC,2005,42781
SGF,2003,42728
BTR,1998,42694
MOB,1999,42667
JNU,2003,42648
HRL,2002,42631
LEX,2000,42616
OGG,1995,42606
BMI,2005,42568
FWA,1988,42560
CID,1989,42459
MBS,2003,42439
CRP,1989,42427
YUM,2007,42359
ROA,2005,42302
FAT,1988,42179
JNU,1990,42123
ITO,2008,42118
PNS,2002,42085
AMA,1995,42066
LNK,1988,42001
SBP,2005,41996
MOB,1998,41896
FAT,1991,41887
BIL,1997,41876
AVP,2008,41819
GRB,2001,41771
TLH,1991,41630
MAF,1994,41606
GJT,2008,41479
TLH,2003,41479
RDM,2006,41476
SHV,2000,41448
MBS,2005,41436
TRI,2005,41345
MLB,1989,41332
BIL,1995,41332
MLB,1994,41304
BTR,1994,41224
MLI,2003,41191
LFT,2005,41151
GNV,2006,41150
FAT,1992,41136
FSD,1995,41042
BGR,2002,41042
AMA,1993,41021
JAC,2005,40989
BIL,2008,40963
BIL,1989,40916
OGG,2002,40755
SRQ,2003,40686
MYR,1988,40642
AEX,2006,40627
KTN,1999,40533
SHV,1996,40483
HRL,1988,40470
SRQ,2001,40468
FAR,2003,40463
ACV,2005,40442
JAN,1994,40336
LFT,2004,40287
TLH,1995,40241
TRI,2004,40134
SBA,1990,40019
LGB,2000,39873
BIL,1990,39871
CRP,2000,39649
HRL,1998,39589
HRL,2003,39583
LGB,1998,39559
LEX,1994,39542
GNV,2005,39529
SBA,1989,39457
MFE,1999,39404
FSD,2003,39385
AGS,2008,39313
STT,2004,39309
KTN,1996,39255
LEX,1998,39242
LNK,1996,39235
CID,1988,39216
PSP,1997,39085
MRY,2004,39064
AMA,1992,39056
MLI,1988,39026
MLB,2006,39013
BTV,1996,38944
SWF,1997,38939
GRB,1997,38908
TRI,2003,38772
HPN,1994,38732
HPN,1993,38727
GNV,2003,38672
SHV,1997,38656
MFE,1995,38604
TOL,2007,38580
CRP,1992,38500
GTF,2005,38500
JAC,2004,38429
MLB,1996,38428
BZN,2004,38379
MLB,1991,38371
STT,2005,38368
SWF,1993,38352
JNU,1991,38308
ABE,2003,38298
MAF,1993,38294
FAI,1994,38246
MSO,2006,38229
KTN,1997,38198
KTN,2000,38152
ISP,1992,38144
LSE,2007,38101
FSD,2000,38052
GRB,1996,38047
SPI,2007,38031
AMA,1994,38022
TOL,1989,37997
HRL,1993,37950
FAY,2008,37947
BMI,2004,37931
CRP,1995,37906
KTN,2007,37905
FSD,1999,37904
RAP,2008,37861
SBA,1991,37842
CPR,2007,37835
AVL,1989,37779
MSN,1993,37774
MHT,1993,37761
FAI,1991,37661
MLB,2004,37627
MLU,2004,37610
MFE,2005,37583
CHA,1989,37579
EUG,1999,37531
PFN,2004,37462
TLH,1993,37459
KOA,2005,37393
SHV,1999,37337
DHN,2007,37261
MOD,2008,37228
FCA,2007,37204
CID,1993,37177
CAK,1989,37153
PSP,1992,37121
FAI,1989,37043
FAY,2006,36991
ISP,1996,36949
CRP,1993,36909
MSO,2004,36906
BIL,1993,36836
AGS,1992,36813
STT,1988,36775
CHA,1990,36772
KTN,1998,36760
LNK,1995,36734
BTR,1999,36720
RST,1996,36679
BIL,1998,36504
AVP,1996,36499
FAT,1993,36459
SHV,1994,36453
CHS,2002,36434
CRP,1994,36409
AZO,1989,36381
HDN,2006,36322
AVP,2005,36301
SRQ,2002,36288
LRD,2007,36269
MOB,2001,36259
LAN,1989,36223
STT,2001,36189
MOD,2007,36155
FAI,1988,36151
FAT,1996,36151
GRB,2000,36074
MFR,1998,36007
LEX,1991,36002
EUG,1996,35949
JNU,1992,35893
HDN,2007,35839
MFE,2004,35830
DET,1991,35823
CPR,2004,35808
ISP,1991,35749
CID,1992,35735
STT,2003,35667
STT,2000,35628
MLB,1995,35595
KTN,2006,35574
BZN,1996,35541
MAF,1992,35474
FAT,1995,35446
SWF,2005,35388
LAN,1997,35338
DHN,2005,35312
BIL,1992,35270
GUM,1991,35247
GTF,2007,35208
AEX,2004,35155
AZO,1988,35152
RST,2006,35126
HPN,1992,35105
TRI,1989,35092
LGB,1992,34952
LRD,2006,34777
MTJ,2007,34746
FAI,1992,34717
BTV,1993,34686
MLB,1997,34683
PSP,1993,34593
SHV,1998,34582
LNK,1998,34523
FNT,2003,34493
LNK,2004,34493
KTN,2001,34493
BZN,1990,34461
PSC,2004,34457
SBA,1998,34452
PSC,2007,34449
FAT,2001,34445
FWA,2001,34415
ILM,2004,34359
GRB,1998,34326
BIL,1991,34302
STT,1999,34275
MQT,2008,34205
SBP,2004,34147
ABI,2005,34043
CRP,1988,33947
RAP,2005,33914
ACV,2004,33905
OGG,1998,33879
PSP,1994,33868
RAP,2004,33861
GJT,2004,33852
EYW,2001,33717
GTF,1996,33716
MFE,2001,33684
BTV,1995,33680
SWF,1994,33552
SBA,1988,33551
MYR,2000,33548
HSV,2002,33409
ROA,1990,33405
GNV,1990,33358
LNK,1991,33315
ABI,2008,33288
BFL,2005,33273
MQT,2007,33219
BQN,2007,33215
STT,2006,33211
MFR,2000,33205
DHN,2006,33193
LFT,2003,33191
EUG,1990,33146
GUM,1990,33111
SHV,2002,33095
TRI,1988,33040
MBS,1988,33001
RDM,2007,32975
MFE,1997,32948
FWA,1990,32947
MFE,1994,32857
MLB,2007,32851
RDD,2007,32830
MLU,2003,32803
LNK,1999,32742
JNU,1988,32714
CRP,1998,32705
BIL,2001,32703
LGB,1999,32699
AZO,2001,32689
CRP,1997,32674
ABI,2004,32617
CIC,2008,32528
BTV,1997,32489
BRO,2006,32440
AZO,2003,32425
DAB,2003,32421
ILE,2003,32412
BGR,1993,32379
FCA,2005,32371
SBN,1996,32347
AGS,1993,32260
FAT,1994,32234
RST,2000,32201
RST,1989,32064
CWA,2007,32060
GTF,2006,31966
KTN,2004,31954
ACT,2007,31948
BIL,1999,31939
BGR,1990,31937
OGG,1989,31932
MRY,2003,31906
CHA,1988,31894
LAW,2007,31878
MFE,1996,31855
CAK,1990,31845
IDA,2007,31827
RDD,2008,31791
ISP,1994,31740
MLU,2005,31735
BTR,2002,31723
MFE,1998,31723
MLU,2008,31680
ILM,1988,31600
GRB,1995,31548
BGR,1991,31522
CSG,2007,31517
ATW,2005,31515
SPS,2007,31483
TOL,1988,31435
BTV,2002,31385
ISP,1993,31371
FSM,2008,31317
RDM,2008,31256
DAB,1998,31199
MTJ,2006,31153
MLU,1990,31136
RST,1995,31126
HHH,2007,31100
BZN,1988,31033
STT,2002,31019
BTV,1994,30994
AGS,1990,30891
STT,1993,30885
AEX,2003,30867
AEX,2008,30846
GUM,1989,30817
ILE,2001,30807
MLI,1989,30801
SGU,2007,30770
EUG,1991,30739
AGS,1989,30693
BIL,1994,30667
MFR,2004,30636
EUG,1997,30620
LAN,1998,30611
GNV,1989,30611
JAC,2003,30597
MCN,2006,30580
MLU,1993,30502
MLU,1996,30460
LNK,1997,30455
BZN,1997,30437
CPR,2005,30425
BGR,1989,30391
HDN,2008,30354
BZN,2003,30333
MBS,1990,30310
RAP,2003,30288
SGF,2002,30278
TLH,1999,30209
EVV,1989,30135
FAR,1996,30086
MLI,1990,30043
MYR,1996,30043
AVP,1990,30032
MQT,2006,30014
CID,1994,30004
LRD,2005,29992
TVC,2002,29974
JNU,1994,29974
SPI,2008,29928
EVV,1988,29925
CLD,2006,29907
MLB,2008,29866
LNK,1993,29807
CSG,2003,29797
FAR,1997,29731
FWA,2002,29731
LAN,1995,29661
DRO,2008,29621
MBS,1994,29590
TVC,2001,29584
MLU,2000,29579
AGS,1991,29577
CHA,1995,29471
ILM,2003,29449
MCN,2007,29438
FWA,1995,29413
MGM,1992,29403
DHN,2003,29397
SBN,1989,29376
SBN,1997,29327
KTN,2008,29321
OGG,1999,29313
TLH,1996,29309
AVP,1995,29308
TLH,1997,29253
FAR,1998,29245
HRL,1992,29226
EGE,2005,29219
MSO,2008,29216
ITO,2007,29213
RST,2005,29189
RST,2004,29165
STT,1995,29161
FAY,2003,29128
BIL,2003,29128
KTN,1995,29099
BZN,1993,29068
CHA,1993,29057
GJT,2005,29020
CLL,2004,28980
MSN,1994,28930
GNV,2004,28889
ROA,1994,28854
IDA,2004,28833
BQN,2008,28806
FAI,1993,28795
LAN,1988,28789
CRP,1999,28768
FSM,2005,28745
CHO,2003,28687
AEX,2005,28676
BIL,2002,28675
BIS,1990,28640
CSG,2005,28601
OGG,1992,28573
EUG,2001,28554
BIS,2006,28464
ISP,1995,28456
DET,1988,28431
SWF,1998,28423
GNV,2008,28358
LGB,1993,28304
BZN,1991,28297
MTJ,2008,28249
BZN,1989,28198
CHO,2004,28128
BZN,1992,28120
MCN,2003,28069
BGR,1992,28060
SBN,1998,28044
LAN,2002,28015
TVC,2003,27918
RST,1997,27904
RST,1999,27888
ROA,1995,27820
BMI,2003,27724
TOL,2001,27715
KTN,1990,27663
TRI,2008,27629
GTF,1997,27618
ERI,1988,27613
AVP,2000,27612
ERI,1989,27607
OGG,1990,27607
AGS,1994,27578
MSO,2003,27569
DAB,1999,27532
ROA,1996,27516
LSE,2008,27449
MYR,1995,27448
LIH,2005,27433
CPR,2006,27396
TOL,1996,27393
CAE,2001,27374
CHA,1992,27353
YUM,2008,27330
KOA,2004,27315
CHA,1991,27315
TOL,1990,27294
LEX,2001,27277
LAN,1999,27259
FSD,1994,27251
LRD,2004,27231
ELM,1988,27218
EUG,1993,27141
SBN,1999,27139
CIC,2006,27138
CMI,2003,27131
TLH,2000,27094
KTN,2002,27061
GTF,1988,27043
EUG,1995,27000
KTN,2003,26992
SGU,2006,26944
ABI,2001,26942
MFR,1996,26897
MGM,1993,26877
FAR,1988,26852
OGG,1988,26830
AVP,1994,26765
SPI,2006,26731
KOA,2000,26729
DLH,2007,26712
ITO,2006,26658
TOL,1997,26560
LRD,2008,26554
GRB,1999,26511
SBA,1999,26491
AVL,1988,26438
AVL,1995,26395
MLU,1992,26370
MLI,1991,26367
LIH,2004,26301
MBS,1991,26301
FCA,2006,26241
MFR,2003,26235
CLL,2007,26233
MSO,1996,26206
LAN,2000,26186
IDA,2008,26184
JNU,1993,26173
CHA,1994,26119
EKO,2004,26101
FCA,2004,26096
GTF,2004,26092
RST,1990,26087
VPS,2002,26082
STT,1997,26073
GUM,1988,26054
ORH,1989,26053
TYR,2004,26043
RST,1998,26042
GJT,2003,26017
KTN,1988,26014
EYW,1989,26003
MBS,2001,25943
CIC,2007,25924
SBN,1988,25923
SUX,1988,25880
MLU,1991,25874
GNV,1992,25867
OGG,1991,25819
ILE,2004,25796
KTN,1989,25796
LAN,1996,25730
STT,1996,25706
CMI,2002,25694
TRI,2007,25690
TYR,2007,25665
MLU,1999,25603
SGU,2004,25584
DHN,2004,25559
LNK,1992,25546
DLH,2001,25483
STX,1988,25482
MGM,1995,25431
OAJ,2007,25429
MFE,2002,25412
DAB,2000,25397
BIS,1988,25359
SJT,2004,25307
KTN,1991,25289
AVP,1988,25267
FAR,1990,25249
TRI,1994,25233
LNK,2003,25221
FSM,2001,25195
CWA,2006,25191
MGM,1988,25092
SJT,2007,25022
KTN,1992,24994
SBN,1995,24979
BZN,1998,24975
TYR,2005,24942
GTR,2003,24820
LGB,2001,24797
MFR,1988,24780
MFE,2003,24741
LAW,2008,24718
FSD,2001,24712
FAR,1999,24709
TYR,2001,24699
ABY,2007,24698
TLH,1998,24671
CRW,1994,24566
MLB,1998,24560
MCN,2004,24557
LSE,2006,24549
VLD,2005,24525
MLB,2003,24524
BIS,1989,24517
AVL,1992,24505
MYR,1999,24474
LGB,1997,24469
BZN,1995,24445
ACT,2004,24386
DBQ,2004,24326
FAY,2004,24277
MFR,1999,24261
FWA,1994,24258
MFR,1989,24217
STT,1994,24215
EGE,2000,24204
FAR,2002,24182
CHO,2007,24171
EGE,1999,24151
MBS,1993,24127
GUM,1992,24121
FAY,2005,24086
ILM,1999,24037
GTF,1989,24033
FSM,2006,24020
FAY,1990,24000
ITO,2001,23995
ATW,2004,23989
TOL,2002,23979
CRP,1996,23940
ACV,2003,23933
ILM,1996,23923
HPN,1990,23915
SIT,2007,23901
MSO,1988,23856
MLU,1989,23851
FWA,1993,23836
MYR,1994,23829
STT,1992,23736
LSE,2004,23689
HTS,1989,23658
FAR,2000,23652
MGM,1990,23639
SIT,2005,23636
MLU,1997,23616
MHT,1988,23591
ROA,1992,23573
VLD,2007,23550
ROA,1999,23530
AGS,1988,23529
MFR,1997,23499
FWA,1992,23417
PSC,2005,23387
FCA,2008,23378
LNK,2005,23373
SGU,2005,23347
MLU,1994,23320
EGE,1997,23284
EVV,2001,23241
CLL,2005,23235
HPN,1988,23150
SUX,1990,23139
MGM,1991,23133
TWF,2004,23131
ORH,1988,23120
HPN,1991,23119
RST,1988,23112
MBS,1992,23094
FWA,1996,23087
SBN,1992,23046
EUG,1992,23027
MYR,1990,23022
MLU,1995,23006
SWF,2000,22954
LAN,2001,22953
EGE,2004,22953
FAR,1989,22917
MCN,2005,22913
SBP,2001,22905
CMI,2001,22879
AZO,1990,22877
STT,1998,22866
MYR,1998,22837
LGB,2002,22833
FSM,2004,22801
EUG,2003,22795
MGM,1989,22786
GRB,1988,22771
FAR,1995,22760
TRI,1995,22753
HPN,1989,22752
BIS,2005,22745
MSO,1990,22735
GRK,2004,22731
SUN,2007,22716
AVL,1994,22716
AVL,1993,22715
SBA,1996,22686
MQT,2004,22647
AZO,1996,22636
CSG,2008,22595
BZN,1999,22593
SWF,2003,22588
GNV,1993,22580
GTF,1990,22575
SWF,1999,22572
CLL,2001,22551
KTN,1994,22544
RDM,2005,22540
SWF,1990,22522
SBN,1994,22499
GRB,1989,22472
SBA,1992,22469
FWA,1991,22461
PSC,2006,22415
ILM,2000,22403
MQT,2005,22398
EYW,2008,22357
MGM,1994,22328
CRW,1990,22294
FAT,1997,22278
SGF,1989,22269
EYW,2007,22267
CHO,2006,22259
FAY,1992,22224
PSC,2008,22222
RST,1992,22203
MYR,2001,22198
MLI,1993,22185
TOL,1992,22183
ABY,2006,22183
DLH,2002,22150
GTF,1995,22148
MTJ,2005,22142
AGS,1996,22135
BZN,2000,22129
PIA,1988,22103
SBN,1993,22088
ABI,2003,22043
LNK,1994,22041
DHN,2008,22030
TOL,1995,21999
MGM,1996,21961
AZO,1995,21906
LFT,2001,21904
LAW,2006,21863
FAR,1992,21841
BGM,1989,21799
TOL,1998,21758
STT,1991,21757
MTJ,2004,21746
ACT,2001,21728
STX,1992,21695
IDA,2006,21681
JAC,1996,21670
MSO,1997,21603
BQN,2006,21597
SUX,1989,21581
MLI,2000,21557
TRI,2006,21540
ERI,1990,21533
RST,1994,21511
RST,2002,21503
MYR,1997,21475
CEC,2008,21473
BIS,2008,21458
FWA,1997,21455
CMI,1989,21431
PIE,2004,21418
CPR,2008,21411
ABI,2002,21401
GRB,1990,21401
PIE,2003,21394
SGF,2000,21389
CSG,2006,21384
SPS,2005,21369
ROA,2000,21367
AGS,1995,21358
PSC,2003,21357
BPT,2004,21345
GTF,2003,21341
BIS,2004,21308
PIA,2001,21274
SBA,1993,21264
SIT,1996,21243
MSO,1995,21239
JAC,2000,21224
SBN,2006,21220
SBN,2000,21210
ILE,2002,21202
ERI,2007,21193
ACT,2006,21183
GTF,1998,21144
BQK,2007,21140
MOB,2002,21135
VLD,2006,21054
AZO,1997,21044
DAB,2001,21025
CEC,2007,21007
DET,1993,21004
RAP,1989,20985
MLI,1992,20966
MLU,1988,20935
RST,1991,20910
SJT,2006,20909
SIT,1999,20901
RAP,1988,20894
SUN,2004,20891
SIT,2008,20881
AVP,1999,20868
LAW,2001,20812
MGM,1997,20804
AVP,1989,20790
DBQ,2006,20786
LSE,2005,20773
AGS,1997,20761
TRI,1993,20714
TOL,2008,20697
OGG,1993,20682
RST,2001,20660
TOL,1993,20643
FAR,1991,20617
LSE,2002,20576
BGR,1994,20533
MYR,1992,20525
SUN,2005,20505
MFR,1991,20496
CRW,1995,20475
MYR,2002,20469
GTR,2007,20448
SBA,1997,20421
BIS,1996,20417
MLU,2001,20399
SBP,2003,20393
GTF,1992,20391
MLI,1994,20382
BQK,2005,20367
MRY,2001,20356
STX,1989,20324
STT,1989,20316
ILM,1995,20281
STX,1990,20229
SPS,2006,20160
LRD,2001,20152
TLH,2001,20146
BIS,1998,20125
LGB,1994,20124
AGS,1998,20098
MRY,1989,20096
LRD,2003,20084
FSD,2002,20054
RST,1993,20052
SIT,2000,20046
STT,1990,20031
GTF,1993,20027
CLL,2003,19993
MEI,2003,19964
FAR,1993,19961
ACT,2005,19958
KTN,1993,19951
TWF,2005,19941
MLU,1998,19933
CMI,1988,19885
DLH,2008,19841
LAW,2005,19687
BQK,2006,19629
EYW,2006,19629
AVL,1991,19619
ROA,1991,19584
BGR,1988,19515
MLB,2001,19504
CLD,2007,19491
MFE,1992,19441
FAY,1994,19357
SIT,2001,19349
TOL,1991,19343
MLB,1999,19334
SGU,2008,19320
SGU,2003,19309
LSE,2001,19304
RAP,1990,19292
ILM,1994,19276
STX,1991,19255
AZO,2002,19255
GGG,2007,19229
EUG,1994,19194
SPS,2001,19176
JAC,1993,19157
ELM,1989,19153
LAN,1990,19141
MSO,1999,19128
BRO,2008,19119
FLG,2007,19113
DBQ,2007,19106
EGE,2002,19048
GTR,2005,19028
SIT,1997,18994
PSC,1996,18978
ROA,1998,18978
BMI,2001,18977
BZN,1994,18953
ACT,2008,18911
DAB,2002,18901
EGE,1998,18895
ILM,1997,18884
TXK,2007,18872
LAN,1992,18855
DBQ,2008,18843
IPL,2006,18826
RST,2003,18762
MYR,1991,18741
GRB,1994,18735
STX,1996,18731
MSO,2001,18730
SJT,2005,18690
FAT,2002,18662
FAY,1993,18634
LAN,1994,18629
CHO,2005,18626
ISP,1997,18584
GNV,1995,18570
MSO,1992,18558
LEX,2002,18556
BIS,1995,18553
ISO,2006,18528
CSG,2004,18516
GTF,2000,18496
SWF,2006,18406
FLG,2006,18401
ROA,1993,18378
FAY,1996,18371
ORH,1990,18352
AVL,1990,18341
CRW,1992,18333
IDA,2005,18303
CHA,2001,18303
MSO,1993,18287
OAJ,1988,18286
JAC,1992,18256
HLN,2007,18219
HLN,2004,18215
MSO,2000,18186
MFR,1995,18183
FCA,1996,18181
TOL,1994,18173
TRI,1991,18147
TTN,2007,18139
MFE,1993,18103
PIH,2004,18085
FNT,1998,18051
CLL,2006,18047
GNV,1996,18040
IDA,2003,18032
BRO,2007,17990
MEI,2006,17988
MGM,1998,17977
MFE,1991,17959
MEI,2007,17954
LNK,2001,17942
BZN,2001,17930
HLN,1996,17909
CHO,1989,17901
SPS,2008,17874
CAK,1992,17852
CAK,1991,17846
PIA,2002,17839
JAC,1997,17835
BIS,1997,17790
FSM,2002,17782
SJT,2001,17776
GFK,2007,17770
MSO,1989,17725
ABE,2002,17689
TRI,1992,17665
SUN,2006,17647
DBQ,2005,17610
SGF,1996,17602
TRI,1990,17581
BGM,1988,17580
AVP,1997,17560
RAP,1992,17559
RDD,2005,17553
HTS,1988,17543
ITH,1988,17543
ILM,1998,17509
AZO,1998,17504
TLH,2002,17494
IDA,1988,17494
DLH,2004,17477
MTJ,2003,17468
FNT,1999,17430
FNT,1989,17402
LYH,2006,17386
MOT,2007,17377
EVV,2002,17359
BFL,2004,17326
GUC,2007,17288
OGG,1994,17285
OME,2005,17274
GTF,2008,17234
BQK,2003,17226
ROA,1997,17221
LCH,2006,17214
MSO,1998,17176
ACY,2007,17164
DLH,1996,17162
KOA,2002,17134
VLD,2003,17118
TYR,2003,17101
ABY,2008,17095
SIT,2006,17093
AZO,1999,17092
GTF,1999,17052
MRY,1988,17033
SGF,1990,16982
AZO,1994,16944
GTF,1991,16938
GNV,1991,16893
AVL,1996,16870
VLD,2004,16825
FNT,2000,16822
MSO,2002,16813
IDA,1989,16790
RAP,1993,16787
PIA,1989,16784
LSE,2003,16743
FAR,2001,16731
MFR,1990,16721
AZO,1992,16718
SGF,1988,16704
TWF,2007,16700
BZN,2002,16689
CRW,1996,16686
MSO,1991,16674
ILM,1992,16671
HHH,2008,16663
OAJ,2008,16623
EGE,2001,16606
AVP,1992,16586
SIT,1989,16567
MLI,1998,16526
IDA,1993,16510
BGR,1996,16486
FAY,1995,16457
KOA,2003,16445
SWF,2001,16426
BET,2000,16416
MBS,2002,16414
GTF,1994,16400
CHO,1988,16389
ABY,2005,16389
AZO,1991,16385
SBN,1990,16375
FAY,1991,16360
BIS,1991,16345
OTZ,2005,16339
ABY,2003,16337
BET,2005,16331
DLH,1997,16327
FLG,1989,16327
AVP,2001,16321
SGF,1995,16318
ORH,2001,16310
SBA,1994,16284
CEC,2006,16282
PIA,1990,16277
LCH,2007,16271
AVP,2003,16269
LYH,2007,16246
OTZ,2007,16232
SUN,2008,16232
PSC,1995,16225
RDD,2004,16221
SIT,2004,16218
SMX,2006,16184
SIT,1992,16169
FLO,2007,16148
STX,1993,16117
SGF,1999,16100
MLB,2002,16099
DBQ,2001,16091
ILM,1990,16064
FLG,1988,16061
BRW,1996,16043
EGE,1996,16035
MLB,2000,16034
FNT,1988,16017
BLI,1990,16011
AVP,1993,16006
FAR,1994,15998
SGF,1993,15993
JAC,1990,15984
EYW,2005,15983
LAW,2002,15928
ERI,2008,15904
GRB,1993,15898
ACT,2003,15892
SPS,2004,15882
AVL,1997,15881
EKO,2003,15878
AVP,1998,15832
MLI,1995,15815
RAP,1991,15796
BET,1999,15714
SIT,1991,15680
BET,2004,15674
GNV,1988,15644
SIT,1998,15634
EYW,1988,15627
PSC,1988,15597
MRY,1990,15587
CPR,2003,15586
MFR,2001,15582
GFK,1996,15573
OXR,2006,15565
DET,1992,15556
PSC,1993,15553
DBQ,2003,15488
OME,2000,15483
MOT,2005,15483
TYR,2002,15482
HLN,2005,15445
KOA,1997,15428
SIT,1988,15425
GRB,1991,15391
BFL,1990,15379
TXK,2004,15356
MFE,1990,15339
LYH,1988,15318
SIT,1990,15299
GTF,2002,15276
BQN,2005,15258
BRO,2005,15239
BIS,1999,15234
ELM,2007,15228
BRO,2004,15202
OME,2007,15184
FCA,2000,15183
TYR,2008,15126
BGM,1990,15123
BIS,1992,15119
CRW,1999,15112
DLH,2005,15101
PIA,1993,15094
OME,2004,15081
SJT,2003,15072
AGS,1999,15056
WRG,2005,15021
TYR,2006,15012
MSO,1994,15007
LAN,1991,15005
SJT,2008,14999
CLL,2008,14974
BIS,2000,14942
JAC,1998,14931
JAC,2001,14931
LRD,2002,14920
AVP,1991,14915
TWF,2006,14914
ELM,2008,14911
ERI,1991,14898
LAW,2004,14866
JAC,1989,14854
LIH,2000,14852
TOL,1999,14828
SBA,1995,14815
LIH,2003,14809
MEI,2005,14808
LCH,2008,14807
BFL,2001,14793
PSC,1989,14785
JAC,1988,14782
MLI,1999,14766
BGR,1997,14735
YAK,2005,14730
OME,1996,14692
TXK,2001,14683
ISP,1998,14676
OTZ,2006,14665
ERI,1996,14659
WRG,1999,14653
PSG,1999,14650
VPS,1997,14594
FCA,2003,14580
MLI,2001,14580
MYR,1993,14553
FWA,1998,14551
BGM,2003,14543
OTZ,2000,14514
MRY,1991,14510
BGM,1996,14504
FLG,1990,14498
GGG,2001,14489
TVC,2000,14478
GUC,2006,14473
VPS,2001,14472
BPT,2001,14441
GRB,1992,14400
ERI,1992,14397
ILM,1991,14396
LCH,2004,14394
PSG,1997,14393
MEI,2004,14387
AZO,1993,14369
LGB,1996,14356
GTR,2004,14338
GFK,2008,14328
OTZ,1996,14311
BQK,2004,14298
TVC,1998,14294
FLO,2006,14276
CWA,1988,14250
HLN,2008,14231
SPN,1988,14207
CDV,2005,14203
IDA,1990,14203
BET,1996,14201
TRI,1996,14194
OTH,2008,14189
OME,2001,14188
JAC,1995,14169
ERI,1999,14167
MGM,1999,14162
GTF,2001,14140
ROA,2001,14117
OTZ,2004,14109
SUX,1991,14093
APF,2005,14091
OAJ,1989,14055
ACT,2002,14037
PSG,1996,13997
SGF,1994,13989
CRW,1998,13984
BET,2001,13977
EKO,2005,13950
OME,1997,13947
CRW,1991,13929
GJT,1988,13923
SWF,2002,13912
YAK,2008,13899
FCA,1995,13824
FAT,1998,13819
SGF,1998,13805
ITH,1999,13805
EGE,2003,13793
GUC,2008,13763
OME,1999,13753
HVN,1992,13748
SGF,1997,13736
SIT,2002,13729
PSG,2005,13707
FCA,1997,13702
GCN,1988,13685
YAK,2000,13680
RDM,2004,13674
GTR,2006,13665
BGM,2004,13651
CDV,2008,13634
FSM,2003,13633
VLD,2008,13628
OME,1995,13582
JAC,2002,13582
ERI,1994,13570
WRG,1997,13565
TVC,1997,13564
PSG,2006,13543
CRW,1993,13512
ERI,2000,13494
ERI,1995,13454
JAC,1994,13443
OTZ,1997,13441
LAN,1993,13431
FAY,1997,13385
GTR,2008,13382
VPS,1998,13381
MOT,1988,13379
FNT,1997,13378
COD,2007,13373
RAP,1997,13361
CLL,2002,13359
BGR,1995,13357
PSC,1992,13346
ORH,1992,13339
PSG,2007,13338
TXK,2008,13318
FCA,2002,13287
JAC,1991,13258
MOT,1990,13256
DBQ,2002,13234
SCE,2003,13230
BIS,2002,13222
GJT,1990,13215
BIS,2001,13195
MRY,1996,13163
RAP,1999,13149
WRG,1996,13139
PSG,2001,13128
BLI,1989,13100
CDV,2000,13089
TXK,2006,13082
SIT,1995,13069
RAP,1996,13060
DLH,1988,13056
YAK,2002,13045
MLI,1996,13033
PSC,1997,13030
CDV,1997,13005
SGF,1992,13001
AVL,1998,12987
ILM,2001,12986
BGM,2007,12966
SGF,1991,12947
FLG,2008,12939
LAW,2003,12925
BQK,2008,12911
OTZ,2001,12906
GCC,2008,12905
OME,2006,12903
GFK,1997,12902
BIS,2003,12899
HLN,1995,12880
MFE,1988,12871
WRG,2007,12858
ATW,2003,12818
EWN,2007,12803
IDA,1992,12803
HLN,2006,12797
PFN,1994,12794
WRG,2001,12775
MOT,1996,12768
WRG,2006,12751
SMX,2007,12746
PHF,1989,12739
JAC,1999,12731
YAK,1999,12729
LYH,2005,12681
IDA,1996,12675
BIS,1993,12674
CAE,2002,12662
YUM,1989,12660
MCN,2008,12628
TXK,2005,12616
OTZ,1999,12588
FCA,2001,12523
RAP,2000,12497
SJT,2002,12491
MLI,1997,12470
MOT,2006,12464
PSG,2000,12456
CDV,2004,12441
PSE,2007,12441
OME,2002,12437
TVC,1996,12426
UCA,1988,12407
MRY,1998,12405
SPS,2002,12404
LCH,2005,12385
CDV,1999,12379
BGM,1995,12355
SUN,2003,12347
CHO,2008,12343
MOT,1995,12303
AVL,2000,12295
TWF,2008,12293
RAP,1998,12282
STX,1997,12271
PIH,2007,12263
DLH,1998,12263
ITH,2000,12260
TUP,2007,12245
SIT,1994,12242
CDV,2002,12241
ERI,1998,12215
GFK,1999,12204
CLD,2008,12202
LSE,1988,12175
BGM,1991,12174
BET,1997,12145
GFK,1998,12129
ELM,2000,12099
PSG,1995,12086
CHA,2002,12071
GNV,1997,12068
FLO,2005,12029
SIT,2003,12026
LGB,1995,12021
DLH,2006,12019
KOA,1998,12011
YAK,2001,12006
MFR,1994,11984
TWF,2003,11978
YAK,1997,11978
OME,1998,11970
ILM,1993,11965
ABY,2004,11952
ILM,2002,11935
PIA,1991,11922
CDV,1996,11918
IDA,1991,11915
PSG,2008,11892
BET,2003,11852
TVC,1995,11802
CRW,2000,11787
EFD,2003,11772
COD,2004,11757
ACK,2008,11723
ELM,1995,11719
CDV,2007,11715
STX,1999,11700
ISO,1988,11699
TVC,1999,11689
BET,2006,11672
ITH,1989,11663
PSG,1998,11641
CRW,1997,11625
GGG,2006,11622
SIT,1993,11621
IPL,2007,11611
BRW,1995,11608
VPS,2000,11606
BET,2002,11606
BGM,1994,11601
DLH,1989,11597
OTZ,1995,11595
PSC,2000,11573
CDV,1995,11570
DLH,1994,11563
PHF,1994,11545
ELM,1999,11545
PIH,2005,11534
BGR,1998,11521
APF,2006,11520
RAP,2001,11503
RDM,2003,11500
AZO,2000,11497
WRG,2000,11480
SCE,2004,11479
YAK,2004,11477
CDV,2001,11469
UCA,1989,11450
ERI,2004,11437
OTZ,2003,11419
OTZ,2002,11367
DLH,2000,11361
LYH,1989,11354
PIA,1992,11352
PSC,1994,11337
PSC,1990,11327
CSG,1993,11300
MOT,1998,11295
WRG,1998,11286
SCC,2007,11273
EKO,2007,11265
HVN,1995,11245
RAP,1995,11233
YAK,2007,11228
SBN,1991,11227
TXK,2003,11206
CSG,1990,11182
FLO,2004,11165
BGM,1992,11132
MFR,1993,11131
BET,2007,11120
CHA,1996,11106
ELM,1990,11083
IDA,1995,11072
RAP,2002,11062
BRW,2007,11060
GFK,1995,11032
BGM,1999,11027
DRO,2003,11025
DLH,1995,11019
MOT,1997,11019
DLH,1990,10984
ROW,2008,10981
BRO,2003,10976
SPN,1990,10969
COD,2006,10953
MOT,2000,10934
BRW,2008,10929
WRG,2002,10916
FCA,1998,10902
APF,2007,10901
BTM,2003,10896
PSC,1998,10871
FLO,2003,10853
BRW,2000,10837
BTM,2004,10825
FAY,1999,10821
FCA,1999,10816
LSE,1996,10810
SUX,1992,10802
HDN,2005,10798
MOT,2008,10782
SBP,2002,10781
GFK,2005,10768
PSE,2008,10763
VPS,1996,10761
FAY,2000,10759
EVV,1990,10739
ELM,1991,10727
WRG,1995,10684
PSG,2002,10684
EVV,1993,10673
LSE,1995,10669
GFK,2000,10656
ELM,1992,10635
HTS,2003,10621
VPS,1988,10613
STX,1995,10606
BIS,1994,10574
HLN,1997,10535
TUP,2006,10517
YAK,1998,10515
GFK,1988,10512
ERI,1993,10506
YAK,1996,10505
PIH,2003,10501
OME,1990,10499
PFN,1995,10489
GNV,1994,10485
OME,2003,10473
ELM,1996,10472
TRI,1999,10464
OTZ,1998,10456
SPS,2003,10436
BET,1995,10419
EYW,2003,10418
KOA,1996,10404
BRW,1999,10400
BET,2008,10378
GFK,2006,10373
WRG,2008,10367
GFK,2002,10363
LMT,2008,10362
YAK,1995,10356
TOL,2000,10351
CAK,1994,10349
MOT,1989,10337
EKO,2008,10329
OTZ,1992,10326
FNT,1990,10320
CAK,1999,10313
GJT,1989,10304
ELM,1998,10268
MOT,2002,10255
HVN,1991,10254
MFR,1992,10251
ORH,1991,10239
EYW,1990,10226
RDD,2003,10206
YUM,1988,10206
BGM,2000,10196
OME,1989,10196
RFD,2007,10171
EVV,1994,10168
DLH,2003,10148
OME,2008,10133
MOT,2001,10130
MRY,1995,10120
PIH,2006,10101
SCE,2007,10099
GFK,1990,10089
FNT,2002,10088
SCK,1988,10083
CCR,1989,10083
AVL,2001,10053
PSG,2004,10046
BRW,2005,10017
MOD,2005,9994
ERI,1997,9976
STX,2001,9966
STX,1998,9963
OTZ,2008,9945
HDN,1990,9940
HDN,2004,9938
PSC,1991,9937
ILG,2007,9932
HLN,1989,9931
OTZ,1990,9926
GFK,2004,9914
BRW,1997,9905
MOT,2003,9899
PIH,2008,9879
PSC,2001,9864
PSG,2003,9852
HVN,1993,9851
ADQ,1999,9847
SBA,2002,9835
ACK,2007,9806
BPT,2005,9803
COD,2005,9803
GGG,2008,9799
EYW,2002,9790
CHO,1990,9787
FCA,1992,9787
DLH,1999,9786
SMX,2008,9778
BFL,1988,9773
CDV,1998,9764
OAJ,1994,9742
LYH,2004,9712
PUB,1989,9712
CAK,1995,9692
VPS,1995,9677
SMX,2005,9675
EYW,2004,9642
YUM,1990,9637
BGM,1998,9629
PFN,1992,9624
LSE,1989,9591
BET,1998,9585
PSE,2006,9576
HTS,1990,9569
OXR,2007,9567
BGM,1997,9566
FCA,1989,9563
RAP,1994,9553
MGM,2000,9535
FAY,1998,9499
ITH,1997,9494
EVV,1991,9493
CIC,2005,9478
VPS,1999,9471
GFK,1989,9466
MOT,1992,9465
EWN,2008,9465
PMD,2008,9449
AVP,2002,9443
BFL,1991,9442
MOT,2004,9439
ELM,1994,9427
STX,1994,9425
GPT,1988,9416
YAK,2003,9404
CSG,1991,9354
LSE,1997,9345
BRW,1998,9342
EGE,1993,9336
HDN,2000,9333
TRI,1998,9329
PUB,1990,9306
ITH,1996,9291
OME,1992,9285
CAK,2000,9274
TRI,1997,9268
CSG,1992,9266
DLH,1993,9258
DRO,1990,9230
CSG,1989,9202
LIH,2002,9200
MEI,2008,9187
HDN,1997,9182
LSE,1990,9179
HTS,2004,9175
CDV,2003,9171
ITH,1992,9165
GGG,2005,9151
BPT,2003,9136
AGS,2000,9119
FCA,1993,9083
WRG,2004,9077
MOT,1993,9077
HDN,1996,9069
BRW,2001,9046
SPN,1989,9034
COD,2008,9025
CHA,1998,9001
ISO,2005,8983
MOT,1991,8980
RFD,2006,8959
DUT,1996,8908
FNT,2001,8900
OTZ,1989,8899
CLD,2005,8889
MLI,2002,8870
TRI,2000,8840
OME,1994,8838
ITH,1998,8836
ADQ,1997,8829
BFL,1989,8823
BGM,2006,8821
PSC,1999,8818
MRY,1997,8800
PHF,1988,8791
SBN,2001,8781
HDN,1989,8769
FLO,2008,8750
ADQ,2004,8748
CDV,1989,8716
MRY,1994,8693
BTM,1993,8682
EKO,2006,8676
VCT,2004,8656
BET,1992,8628
EUG,2002,8627
CDV,1991,8619
ADQ,1998,8592
CHA,1999,8590
ADQ,2000,8573
HDN,2001,8569
CHA,1997,8565
ELM,1997,8560
GFK,1994,8555
STX,2000,8522
GCN,1990,8481
WRG,2003,8440
TUP,2005,8421
BFL,1993,8403
DUT,1999,8399
BFL,1992,8397
MQT,2003,8396
ACY,2006,8394
YAK,1991,8390
GGG,2002,8389
ISO,1989,8386
YAK,1989,8383
HTS,1992,8382
LSE,1994,8370
FLG,1991,8341
IDA,1997,8327
IDA,1994,8326
ATW,1988,8313
SCC,1999,8310
AVL,1999,8263
GGG,2004,8251
HLN,1993,8239
YAK,2006,8225
MFR,2002,8218
ILG,2006,8212
BFL,1995,8211
HDN,1991,8186
ITH,1991,8163
EGE,1995,8152
ERI,2001,8138
ADQ,2001,8132
LCH,2003,8115
HLN,1992,8114
LYH,2008,8114
DUT,1998,8113
PSG,1993,8112
CDV,1992,8086
ITH,1995,8082
HTS,1994,8067
GPT,2001,8039
BFL,2003,8032
BQN,1994,8009
BGM,2008,7994
BMI,2002,7994
CEC,2005,7992
SUX,1997,7991
BTM,2005,7987
FCA,1994,7973
CAK,1998,7969
SCC,1995,7965
CAK,1996,7960
PFN,1993,7959
OTZ,1994,7950
OXR,2005,7939
ACY,2004,7932
YUM,2005,7921
OME,1991,7903
DLH,1991,7891
MOT,1999,7890
BTM,2007,7856
DUT,1997,7855
PSG,1990,7853
EFD,2004,7843
PSG,1989,7827
HLN,2003,7807
GJT,1991,7799
AKN,2004,7794
STX,2008,7773
YAK,1992,7746
LYH,2003,7744
KOA,1999,7742
SCC,1990,7737
SCK,1989,7735
GFK,1991,7731
OME,1993,7726
DUT,2000,7704
PUB,1988,7696
GPT,1989,7693
MRY,1993,7691
BGM,1993,7684
ITH,1990,7684
ACK,2006,7674
CDV,2006,7671
SCC,2008,7670
GFK,1992,7665
BQN,2004,7663
CHA,2000,7651
PSG,1988,7633
BET,1994,7620
MOD,2004,7611
ADQ,2005,7599
FCA,1990,7557
DUT,2003,7546
HLN,1994,7543
CPR,1993,7515
GFK,2001,7509
ACY,1989,7502
MOT,1994,7476
ITH,1994,7463
LSE,1992,7458
SUX,1998,7443
HDN,1999,7441
TXK,2002,7429
SCC,1992,7428
BQN,1995,7427
ADQ,1996,7415
RKS,2008,7414
ACY,2005,7412
SPN,1992,7410
SCE,2008,7405
ROR,1989,7403
OAJ,1992,7401
LWS,2005,7400
VPS,1989,7396
SMX,2004,7383
CDC,2004,7378
SPN,1991,7371
ACY,1988,7353
FNT,1992,7350
AKN,2005,7350
BRW,2006,7344
TVL,1988,7336
DUT,2001,7333
PUB,1991,7321
CSG,1988,7317
DLH,1992,7306
AKN,1996,7299
MQT,2002,7292
OTZ,1988,7268
GJT,1992,7265
BET,1990,7253
HVN,2005,7242
PSG,1992,7236
BFL,1994,7212
CAK,1993,7206
ADQ,2003,7205
OXR,2008,7188
OAJ,1990,7188
CDV,1988,7172
LWS,2007,7165
HKY,2005,7159
HLN,1988,7151
HTS,2005,7142
LWS,2006,7138
PSG,1994,7127
WRG,1994,7120
LSE,1993,7113
VPS,1991,7110
KOA,1995,7098
MRY,1992,7095
DRO,1989,7091
MFE,1989,7079
HLN,1990,7059
WRG,1988,7041
CMI,1990,7040
DUT,2002,7039
CDV,1993,7035
GFK,1993,7027
SCC,1996,7026
GFK,2003,7008
LSE,1991,7002
EVV,1992,6987
CPR,1988,6976
HVN,1994,6944
MRY,2002,6925
PHF,1990,6924
CDV,1994,6918
BTM,1992,6906
VPS,1994,6899
GUM,1993,6898
WRG,1992,6897
GPT,2000,6873
HTS,1991,6870
HDN,1993,6854
WRG,1993,6842
HDN,2002,6836
PHF,1992,6833
IYK,2006,6803
BLI,1988,6785
GPT,2002,6773
OME,1988,6760
AKN,2006,6740
WRG,1990,6739
CSG,1994,6715
LSE,1998,6707
EGE,1994,6703
BGM,2005,6699
WRG,1989,6688
SLE,2007,6674
BRW,2004,6671
GCN,1989,6667
PMD,1990,6662
SOP,2007,6651
HLN,1998,6648
EAU,1988,6648
SCC,1991,6636
SCE,2006,6634
ELM,1993,6631
HLN,2000,6631
YAK,1988,6621
FCA,1988,6600
CLD,2004,6592
BFL,1996,6581
LFT,1997,6567
CAK,2001,6539
KOA,1990,6524
SUX,1996,6495
OTZ,1991,6485
GGG,2003,6483
SUX,1999,6473
HDN,1995,6465
BET,1993,6462
TVL,1989,6452
IYK,2007,6451
FLG,1992,6437
HLN,1991,6429
HDN,1994,6419
TVC,1992,6414
CDC,2005,6400
BQN,2001,6397
MRY,1999,6390
PSG,1991,6387
UCA,1990,6377
BET,1989,6363
BTM,1989,6358
BRW,2002,6354
ROR,1990,6353
SUX,1995,6346
BTM,1990,6338
YAK,1994,6336
OAJ,1991,6327
HLN,1999,6313
FAT,1999,6300
DLG,2000,6298
PIE,1988,6287
YAK,1993,6266
PLN,2007,6265
IDA,1998,6257
CRW,2001,6255
PSC,2002,6247
HDN,1998,6238
ITH,2001,6232
PHF,1995,6223
MQT,2001,6212
SUX,2000,6211
SCC,1998,6181
OTZ,1993,6176
CDV,1990,6166
CSG,1995,6157
YUM,2004,6150
FCA,1991,6146
COD,2003,6145
SCC,2005,6142
YAK,1990,6123
FNT,1994,6108
CIC,2004,6099
SPI,1993,6069
SCC,2006,6055
WRG,1991,6055
LFT,1990,6054
PHF,1993,6036
ELM,2001,6023
PHF,1991,6014
HTS,1993,5986
ADQ,2002,5984
SCE,2005,5969
KOA,1989,5957
LFT,1988,5949
ADQ,2007,5943
AKN,1995,5934
CMI,1991,5906
BRO,1994,5885
GPT,1999,5883
SCC,2001,5876
CPR,1991,5839
BRW,2003,5833
GJT,1993,5810
PIE,2005,5791
DRO,2005,5782
HDN,2003,5764
OXR,2004,5724
FNT,1991,5719
ERI,2006,5713
VPS,1990,5694
ACY,1990,5693
ADQ,2008,5681
BRO,1995,5673
ACK,2005,5661
SLE,2008,5631
CCR,1988,5630
BRW,1994,5596
DLG,1996,5594
PIA,1994,5583
ERI,2005,5574
SUX,2007,5574
CLD,2003,5550
FAT,2000,5522
CEC,2003,5501
DRO,1991,5490
CCR,1990,5470
ROR,1988,5469
BLI,1991,5460
BTM,1988,5458
DLG,1997,5425
CPR,1992,5422
SCC,1994,5419
STX,2003,5386
LFT,1991,5373
CAK,1997,5360
AKN,1999,5356
ADQ,2006,5343
HLN,2001,5303
VCT,2003,5294
RDM,1988,5290
TTN,1992,5269
HVN,2004,5235
SCC,2000,5235
GUC,1995,5234
BLI,2007,5183
YAP,1989,5177
IPL,2008,5151
YKM,2007,5148
YKM,1988,5110
UCA,1991,5099
SUX,1993,5093
KOA,1988,5087
LSE,1999,5076
YUM,1992,5064
CEC,2004,5047
ACY,1991,5022
ROP,1991,5020
EVV,1995,4990
STX,2007,4989
TVC,1994,4976
VPS,1992,4966
HLN,2002,4947
LFT,1996,4930
YUM,1991,4920
SCC,1997,4907
SPI,2005,4903
SCC,1989,4902
CMX,2007,4896
GUC,1990,4874
DLG,2005,4864
ORH,1993,4847
ITH,1993,4827
APF,1988,4806
BTM,2006,4782
FNT,1993,4746
BQN,2003,4744
TVC,1990,4743
DLG,1998,4734
YAP,1988,4734
DRO,2004,4733
KOA,1991,4715
ADQ,1995,4680
BTM,1991,4605
ITO,2004,4592
SMX,2003,4578
DLG,1999,4573
PFN,1988,4563
CWA,2005,4540
MOD,2003,4538
BET,1991,4517
AKN,1997,4484
AKN,2007,4461
BQN,2002,4438
AKN,2000,4435
ITO,2000,4430
AKN,1998,4426
IPL,2005,4422
DUT,1993,4414
AVL,2002,4405
STX,2006,4401
BPT,2006,4397
CPR,1989,4390
PFN,1991,4376
KOA,1993,4359
MRY,2000,4339
EGE,1992,4317
TVC,1993,4310
LIH,1988,4299
BQN,1993,4299
PIA,1999,4295
DLG,2004,4292
YUM,2003,4287
CIC,2003,4280
VPS,1993,4279
CPR,1990,4264
STX,2002,4231
KOA,1994,4228
STX,2005,4206
TVC,1991,4183
GUC,2001,4179
HDN,1992,4160
LIH,1989,4159
FWA,2000,4128
AKN,1994,4118
ALO,2008,4116
CDC,2003,4080
CHO,1991,4074
BRO,1996,4073
DRO,1988,4073
HTS,1995,4036
AKN,2001,4020
ROW,2007,3980
LFT,1989,3967
CDC,2008,3961
SCC,1993,3948
TVL,1990,3939
DLG,2001,3935
GUC,2000,3930
HDN,1988,3922
GCN,1991,3921
ISO,1990,3918
GPT,1991,3890
APF,2001,3888
CMX,2008,3860
IYK,2005,3853
DLG,1995,3827
SCC,1988,3819
BTM,2008,3818
BRW,1993,3812
ACY,1992,3811
BPT,2007,3798
LYH,1990,3791
MKG,2008,3781
AKN,2003,3773
SCC,2002,3765
SPI,1992,3756
LFT,1992,3724
SCC,2004,3719
LSE,2000,3719
BET,1988,3706
BRO,1997,3706
DRO,1992,3679
GPT,1990,3679
TVC,1989,3637
CMI,1992,3600
LIH,1999,3589
GUC,1989,3533
GUC,1993,3531
KOA,1992,3518
BLI,2006,3496
BGM,2001,3496
DLG,2006,3463
ACK,2004,3462
BFL,1999,3444
LIH,1990,3422
OXR,2003,3421
SCC,2003,3419
SCK,1990,3418
ADQ,1994,3414
GUC,1996,3388
EFD,1990,3381
OAJ,1993,3371
VIS,2003,3366
ITO,2005,3365
BRO,1998,3360
YAP,1990,3353
BPT,2008,3346
DUT,1995,3333
AKN,2002,3329
IYK,2008,3311
ALO,2007,3304
BFL,1998,3287
VIS,2004,3270
ISO,1991,3269
ACY,1994,3246
GUC,1999,3233
LFT,1994,3204
RFD,2008,3189
DLG,2003,3186
BFL,1997,3162
AKN,1992,3118
LFT,2002,3118
LWS,2008,3097
TRI,2001,3064
IPL,2004,3057
DLG,1992,3054
BRO,2001,3020
BRW,1992,2949
BQN,1996,2917
GUC,2005,2910
MLU,2002,2899
EGE,1990,2885
DRO,2002,2884
RDM,1989,2858
HTS,2006,2848
ACK,2003,2816
FNT,1996,2812
DUT,1994,2797
PMD,2007,2791
SBN,2002,2791
LWB,2007,2788
DLG,1993,2759
DLG,1994,2755
WYS,2007,2755
WYS,2005,2733
YKM,2008,2718
ALO,1996,2711
IYK,2004,2710
HVN,1996,2700
VIS,2005,2698
RDM,1990,2691
MTJ,2002,2676
TEX,2007,2673
CDC,2006,2667
VCT,2005,2663
GJT,1994,2656
INL,2007,2642
GUC,1994,2638
STX,2004,2625
DLG,2002,2608
ATW,1989,2604
FWA,1999,2579
WYS,2006,2576
ADQ,1993,2565
SPN,1993,2551
ACY,1993,2546
IPL,2003,2503
LIH,1991,2481
EAU,1989,2477
FNT,1995,2471
ROR,1992,2465
OAJ,1995,2456
GUC,2002,2453
LWB,2006,2430
GUC,1997,2417
GUC,1998,2411
LIH,1998,2390
CAK,2002,2327
FAY,2001,2320
MTJ,2001,2298
TEX,2008,2250
EGE,1991,2210
AKN,1993,2206
LFT,1998,2193
SUX,2001,2158
HTS,2007,2150
MTJ,1999,2120
MTJ,1998,2119
ROR,1991,2101
PSE,1993,2097
PLN,2008,2080
ORH,2002,2075
RHI,2007,2031
MTH,2007,2022
PIE,1989,2013
ADK,2006,2012
GST,2007,2002
APF,2004,1956
DLG,2007,1954
SOP,2006,1909
AKN,2008,1902
ACY,2008,1899
BPT,2002,1897
BGR,1999,1886
CPR,1994,1880
BTM,1994,1861
PMD,1991,1855
PSE,1990,1848
GUC,1991,1817
LWB,2008,1806
CHO,1992,1797
ADK,2007,1784
RHI,2008,1754
GST,1991,1735
KSM,1995,1683
LWB,2003,1682
ADK,2004,1658
ROP,1990,1624
GST,1997,1597
GUC,1992,1558
ANI,1995,1545
MTJ,2000,1529
GUC,1988,1526
KSM,1994,1522
LWB,2005,1522
DRO,2001,1498
TEX,2006,1482
GST,1992,1471
GUC,2003,1455
DRO,1996,1429
LWB,1999,1416
GST,1996,1399
GST,2006,1397
BRO,2002,1386
GPT,1998,1371
DLG,2008,1366
LFT,1993,1357
WYS,2004,1354
ISO,1992,1347
DRO,1997,1341
DUT,2004,1334
IYK,2003,1326
GST,1998,1324
DRO,2000,1321
BJI,2007,1321
GST,1999,1320
ADK,2003,1312
EYW,1991,1291
ANI,1993,1284
HTS,2008,1282
DRO,1999,1273
GST,2002,1254
SUX,1994,1250
SUX,2008,1249
DRO,1995,1249
GUC,2004,1248
LWB,2004,1246
TTN,1991,1241
GST,2005,1233
ANI,1994,1204
ADQ,1992,1192
ADK,2005,1178
GST,1995,1169
GST,2000,1155
ANI,1996,1151
GST,2008,1146
ADK,2008,1141
APF,1989,1135
LWB,1992,1096
LIH,1992,1094
MAZ,2001,1085
ACY,2003,1079
UCA,1992,1067
WYS,2008,1059
KSM,1996,1041
GST,2001,1026
MTJ,1997,1021
YKM,1989,1012
GST,1988,1001
PSE,2005,999
GST,1989,992
ACK,1996,985
ATW,1990,956
ROP,1992,953
BRO,2000,942
CCR,1991,933
DRO,1998,932
ERI,2003,918
SUN,1990,916
BLI,1992,878
ALO,1988,870
OAJ,2006,816
GST,2003,797
WYS,2003,793
ITH,2008,790
ITO,2003,781
KSM,1993,752
GST,2004,752
EFD,1991,740
GST,1994,731
TTN,2006,688
GUM,1995,670
INL,2008,667
ACK,1998,666
BRO,1993,663
ROP,1989,661
RDD,1988,655
GST,1990,635
TVL,1991,625
ACK,1995,615
BRO,1999,614
PUB,1992,609
ACV,1988,594
ACK,1997,579
PIA,1995,570
HKY,2006,569
GST,1993,553
ACK,1993,549
RDR,2001,519
LWB,2000,518
LWB,1996,510
MIB,2000,506
BLI,2008,498
ROR,1993,473
MTJ,1995,445
LWB,2001,426
PSE,1994,404
EAU,2007,402
ACK,1994,397
ANI,1992,391
COD,1994,386
MKK,2004,365
MTJ,1994,335
KSM,1992,335
LWB,1997,328
SUN,1989,325
LWB,1998,311
MTJ,1996,308
MTJ,1993,304
BJI,2008,283
MAZ,2002,283
BQN,2000,276
LIH,1993,274
EGE,1989,222
GUM,1996,192
LNY,2004,183
SPI,1991,176
PFN,1989,148
COD,1993,144
ERI,2002,129
LNY,2003,124
TWF,1995,120
PIA,2000,112
ISO,2007,98
DRO,1994,77
CKB,2004,71
SPI,1994,57
PVU,2004,56
MKK,2003,50
MTJ,1992,49
PIR,2008,46
PIR,2007,46
LWB,1995,31
LFT,1999,23
GUM,1994,23
TWF,1994,21
MKC,2007,12
BQN,1991,12
TUP,2008,8
LFT,2000,7
GLH,2007,5
HVN,2006,2
ATW,1995,0
SUX,2002,0
CBM,2004,0
